INSERT INTO server_management.action (id, name, menu_id, sort, icon, path, locked, enabled, deleted, version) VALUES (2, '加载菜单', 155, 2, '', '/menu/load', 0, 1, 0, 7);
INSERT INTO server_management.action (id, name, menu_id, sort, icon, path, locked, enabled, deleted, version) VALUES (3, '查询菜单', 128, 1, null, '/menu/query', 0, 1, 0, 0);
INSERT INTO server_management.action (id, name, menu_id, sort, icon, path, locked, enabled, deleted, version) VALUES (4, '修改菜单', 128, 3, null, '/menu/modify', 0, 1, 0, 0);
INSERT INTO server_management.action (id, name, menu_id, sort, icon, path, locked, enabled, deleted, version) VALUES (5, '添加菜单', 128, 4, null, '/menu/add', 0, 1, 0, 0);
INSERT INTO server_management.action (id, name, menu_id, sort, icon, path, locked, enabled, deleted, version) VALUES (6, '删除菜单', 128, 5, null, '/menu/remove', 0, 1, 0, 0);
INSERT INTO server_management.action (id, name, menu_id, sort, icon, path, locked, enabled, deleted, version) VALUES (8, '删除请求', 128, 7, null, '/action/remove', 0, 1, 0, 0);
INSERT INTO server_management.action (id, name, menu_id, sort, icon, path, locked, enabled, deleted, version) VALUES (10, '修改请求', 128, 9, null, '/action/modify', 0, 1, 0, 0);
INSERT INTO server_management.action (id, name, menu_id, sort, icon, path, locked, enabled, deleted, version) VALUES (11, '添加请求', 128, 10, null, '/action/add', 0, 1, 0, 0);
INSERT INTO server_management.action (id, name, menu_id, sort, icon, path, locked, enabled, deleted, version) VALUES (12, 'testAdd', 129, null, '', '/test/Add', 0, 1, 0, 0);
INSERT INTO server_management.action (id, name, menu_id, sort, icon, path, locked, enabled, deleted, version) VALUES (13, '删除', 129, null, '', '/test/remove', 1, 1, 0, 0);
INSERT INTO server_management.action (id, name, menu_id, sort, icon, path, locked, enabled, deleted, version) VALUES (14, '二级删除', 130, null, '', '/test/er/remove', 1, 1, 0, 0);
INSERT INTO server_management.action (id, name, menu_id, sort, icon, path, locked, enabled, deleted, version) VALUES (15, '增加角色', 131, null, '', '/role/add', 0, 1, 0, 0);
INSERT INTO server_management.action (id, name, menu_id, sort, icon, path, locked, enabled, deleted, version) VALUES (16, '删除角色', 131, null, '', '/role/remove', 0, 1, 0, 0);
INSERT INTO server_management.action (id, name, menu_id, sort, icon, path, locked, enabled, deleted, version) VALUES (17, '修改角色', 131, null, '', '/role/modify', 0, 1, 0, 0);
INSERT INTO server_management.action (id, name, menu_id, sort, icon, path, locked, enabled, deleted, version) VALUES (18, '查询角色', 131, null, '', '/role/query', 0, 1, 0, 0);
INSERT INTO server_management.action (id, name, menu_id, sort, icon, path, locked, enabled, deleted, version) VALUES (27, '用户添加', 150, null, '', '/user/add', 0, 1, 0, 0);
INSERT INTO server_management.action (id, name, menu_id, sort, icon, path, locked, enabled, deleted, version) VALUES (28, '用户删除', 150, null, '', '/user/remove', 1, 1, 0, 1);
INSERT INTO server_management.action (id, name, menu_id, sort, icon, path, locked, enabled, deleted, version) VALUES (29, '用户修改', 150, null, '', '/user/modify', 1, 1, 0, 1);
INSERT INTO server_management.action (id, name, menu_id, sort, icon, path, locked, enabled, deleted, version) VALUES (30, '用户查询', 150, null, '', '/user/query', 0, 1, 0, 0);
INSERT INTO server_management.action (id, name, menu_id, sort, icon, path, locked, enabled, deleted, version) VALUES (31, '用户添加角色', 150, null, '', '/user/role/add', 0, 1, 0, 0);
INSERT INTO server_management.action (id, name, menu_id, sort, icon, path, locked, enabled, deleted, version) VALUES (32, '用户删除角色', 150, null, '', '/user/role/remove', 0, 1, 0, 0);
INSERT INTO server_management.action (id, name, menu_id, sort, icon, path, locked, enabled, deleted, version) VALUES (33, '目录查询', 153, null, '', '/catalog/query', 0, 1, 0, 0);
INSERT INTO server_management.action (id, name, menu_id, sort, icon, path, locked, enabled, deleted, version) VALUES (34, '目录添加', 153, null, '', '/catalog/add', 0, 1, 0, 0);
INSERT INTO server_management.action (id, name, menu_id, sort, icon, path, locked, enabled, deleted, version) VALUES (35, '目录删除', 153, null, '', '/catalog/remove', 0, 1, 0, 0);
INSERT INTO server_management.action (id, name, menu_id, sort, icon, path, locked, enabled, deleted, version) VALUES (36, '目录修改', 153, null, '', '/catalog/modify', 0, 1, 0, 0);
INSERT INTO server_management.action (id, name, menu_id, sort, icon, path, locked, enabled, deleted, version) VALUES (37, '服务器查询', 151, null, '', '/server/query', 0, 1, 0, 0);
INSERT INTO server_management.action (id, name, menu_id, sort, icon, path, locked, enabled, deleted, version) VALUES (38, '服务器添加', 151, null, '', '/server/add', 0, 1, 0, 0);
INSERT INTO server_management.action (id, name, menu_id, sort, icon, path, locked, enabled, deleted, version) VALUES (39, '服务器删除', 151, null, '', '/server/remove', 0, 1, 0, 0);
INSERT INTO server_management.action (id, name, menu_id, sort, icon, path, locked, enabled, deleted, version) VALUES (40, '服务器修改', 151, null, '', '/server/modify', 0, 1, 0, 0);
INSERT INTO server_management.action (id, name, menu_id, sort, icon, path, locked, enabled, deleted, version) VALUES (41, '角色添加菜单', 131, null, '', '/role/menu/add', 0, 1, 0, 0);
INSERT INTO server_management.action (id, name, menu_id, sort, icon, path, locked, enabled, deleted, version) VALUES (42, '角色删除菜单', 131, null, '', '/role/menu/remove', 0, 1, 0, 0);
INSERT INTO server_management.action (id, name, menu_id, sort, icon, path, locked, enabled, deleted, version) VALUES (43, '角色添加请求', 131, null, '', '/role/action/add', 0, 1, 0, 0);
INSERT INTO server_management.action (id, name, menu_id, sort, icon, path, locked, enabled, deleted, version) VALUES (44, '角色删除请求', 131, null, '', '/role/action/remove', 0, 1, 0, 0);
INSERT INTO server_management.action (id, name, menu_id, sort, icon, path, locked, enabled, deleted, version) VALUES (45, '测试按钮', 155, null, '', '/test', 1, 1, 0, 8);
INSERT INTO server_management.action (id, name, menu_id, sort, icon, path, locked, enabled, deleted, version) VALUES (46, '查询请求', 128, null, null, '/action/query', 0, 1, 0, 0);
INSERT INTO server_management.action (id, name, menu_id, sort, icon, path, locked, enabled, deleted, version) VALUES (47, '45678', 156, null, '', '', 1, 1, 1, 1);
INSERT INTO server_management.action (id, name, menu_id, sort, icon, path, locked, enabled, deleted, version) VALUES (48, '用户锁定', 150, null, '', '/user/lock', 0, 1, 0, 0);
INSERT INTO server_management.action (id, name, menu_id, sort, icon, path, locked, enabled, deleted, version) VALUES (49, '查询用户角色', 150, null, '', '/user/roles/query', 0, 1, 0, 0);
INSERT INTO server_management.catalog (id, name, type, parent_id, seq, deleted, version) VALUES (1, '投诉诊断', 'server', 0, 12, 0, 0);
INSERT INTO server_management.catalog (id, name, type, parent_id, seq, deleted, version) VALUES (3, '激活', 'server', 0, 1, 0, 0);
INSERT INTO server_management.catalog (id, name, type, parent_id, seq, deleted, version) VALUES (9, '测试', 'server', 3, 9, 0, 0);
INSERT INTO server_management.catalog (id, name, type, parent_id, seq, deleted, version) VALUES (11, '投诉诊断', 'server', 0, 11, 0, 0);
INSERT INTO server_management.catalog (id, name, type, parent_id, seq, deleted, version) VALUES (12, '测试', 'server', 11, 12, 0, 0);
INSERT INTO server_management.catalog (id, name, type, parent_id, seq, deleted, version) VALUES (13, '生产', 'server', 11, 13, 0, 0);
INSERT INTO server_management.catalog (id, name, type, parent_id, seq, deleted, version) VALUES (36, 'c网tfj生产', 'server', 0, 36, 0, 0);
INSERT INTO server_management.catalog (id, name, type, parent_id, seq, deleted, version) VALUES (37, 'c网容灾', 'server', 0, 37, 0, 0);
INSERT INTO server_management.catalog (id, name, type, parent_id, seq, deleted, version) VALUES (38, 'c网生产环境', 'server', 0, 38, 0, 0);
INSERT INTO server_management.catalog (id, name, type, parent_id, seq, deleted, version) VALUES (39, 'c网云化停复机', 'server', 0, 39, 0, 0);
INSERT INTO server_management.catalog (id, name, type, parent_id, seq, deleted, version) VALUES (40, 'STOP_C_NPI', 'server', 0, 40, 0, 0);
INSERT INTO server_management.catalog (id, name, type, parent_id, seq, deleted, version) VALUES (41, '固网云化PST', 'server', 0, 41, 0, 0);
INSERT INTO server_management.catalog (id, name, type, parent_id, seq, deleted, version) VALUES (42, '固网云化激活生产', 'server', 0, 42, 0, 0);
INSERT INTO server_management.catalog (id, name, type, parent_id, seq, deleted, version) VALUES (43, '激活mysql生产', 'server', 0, 43, 0, 0);
INSERT INTO server_management.catalog (id, name, type, parent_id, seq, deleted, version) VALUES (44, '江西', 'server', 0, 44, 0, 0);
INSERT INTO server_management.catalog (id, name, type, parent_id, seq, deleted, version) VALUES (45, '老激活生产', 'server', 0, 45, 0, 0);
INSERT INTO server_management.catalog (id, name, type, parent_id, seq, deleted, version) VALUES (72, '测试目录', 'server', 0, 100, 0, 0);
INSERT INTO server_management.dept (id, name, pid, enabled, create_time, deleted, version) VALUES (1, 'EL-ADMIN', 0, true, '2019-03-01 12:07:37', 0, 0);
INSERT INTO server_management.dept (id, name, pid, enabled, create_time, deleted, version) VALUES (2, '研发部', 7, true, '2019-03-25 09:15:32', 0, 0);
INSERT INTO server_management.dept (id, name, pid, enabled, create_time, deleted, version) VALUES (5, '运维部', 7, true, '2019-03-25 09:20:44', 0, 0);
INSERT INTO server_management.dept (id, name, pid, enabled, create_time, deleted, version) VALUES (6, '测试部', 8, true, '2019-03-25 09:52:18', 0, 0);
INSERT INTO server_management.dept (id, name, pid, enabled, create_time, deleted, version) VALUES (7, '华南分部', 1, true, '2019-03-25 11:04:50', 0, 0);
INSERT INTO server_management.dept (id, name, pid, enabled, create_time, deleted, version) VALUES (8, '华北分部', 1, true, '2019-03-25 11:04:53', 0, 0);
INSERT INTO server_management.dept (id, name, pid, enabled, create_time, deleted, version) VALUES (11, '人事部', 8, true, '2019-03-25 11:07:58', 0, 0);
INSERT INTO server_management.dict (id, name, remark, create_time, deleted, version) VALUES (1, 'user_status', '用户状态', '2019-10-27 20:31:36', 0, 0);
INSERT INTO server_management.dict (id, name, remark, create_time, deleted, version) VALUES (4, 'dept_status', '部门状态', '2019-10-27 20:31:36', 0, 0);
INSERT INTO server_management.dict (id, name, remark, create_time, deleted, version) VALUES (5, 'job_status', '岗位状态', '2019-10-27 20:31:36', 0, 0);
INSERT INTO server_management.dict_detail (id, label, value, sort, dict_id, create_time, deleted, version) VALUES (1, '激活', 'true', '1', 1, '2019-10-27 20:31:36', 0, 0);
INSERT INTO server_management.dict_detail (id, label, value, sort, dict_id, create_time, deleted, version) VALUES (2, '禁用', 'false', '2', 1, null, 0, 0);
INSERT INTO server_management.dict_detail (id, label, value, sort, dict_id, create_time, deleted, version) VALUES (3, '启用', 'true', '1', 4, null, 0, 0);
INSERT INTO server_management.dict_detail (id, label, value, sort, dict_id, create_time, deleted, version) VALUES (4, '停用', 'false', '2', 4, '2019-10-27 20:31:36', 0, 0);
INSERT INTO server_management.dict_detail (id, label, value, sort, dict_id, create_time, deleted, version) VALUES (5, '启用', 'true', '1', 5, null, 0, 0);
INSERT INTO server_management.dict_detail (id, label, value, sort, dict_id, create_time, deleted, version) VALUES (6, '停用', 'false', '2', 5, '2019-10-27 20:31:36', 0, 0);
INSERT INTO server_management.job (id, name, enabled, sort, dept_id, create_time, deleted, version) VALUES (8, '人事专员', true, 3, 11, '2019-03-29 14:52:28', 0, 0);
INSERT INTO server_management.job (id, name, enabled, sort, dept_id, create_time, deleted, version) VALUES (10, '产品经理', true, 4, 2, '2019-03-29 14:55:51', 0, 0);
INSERT INTO server_management.job (id, name, enabled, sort, dept_id, create_time, deleted, version) VALUES (11, '全栈开发', true, 2, 2, '2019-03-31 13:39:30', 0, 0);
INSERT INTO server_management.job (id, name, enabled, sort, dept_id, create_time, deleted, version) VALUES (12, '软件测试', true, 5, 2, '2019-03-31 13:39:43', 0, 0);
INSERT INTO server_management.menu (id, i_frame, name, component, pid, sort, icon, path, cache, enabled, component_name, create_time, permission, type, deleted, version) VALUES (127, null, '系统管理', '', 0, 88, '', '', false, 1, '-', '2020-02-14 09:25:24', null, null, 0, 0);
INSERT INTO server_management.menu (id, i_frame, name, component, pid, sort, icon, path, cache, enabled, component_name, create_time, permission, type, deleted, version) VALUES (128, null, '菜单管理', 'system/menu-main', 127, 3, '', '/system/menu', false, 1, '-', '2020-02-14 09:38:01', null, null, 0, 0);
INSERT INTO server_management.menu (id, i_frame, name, component, pid, sort, icon, path, cache, enabled, component_name, create_time, permission, type, deleted, version) VALUES (131, null, '角色管理', 'system/role-main', 127, 1, '', '/system/role', false, 1, '-', '2020-02-16 11:25:58', null, null, 0, 0);
INSERT INTO server_management.menu (id, i_frame, name, component, pid, sort, icon, path, cache, enabled, component_name, create_time, permission, type, deleted, version) VALUES (150, null, '用户管理', 'system/user-main', 127, 4, '', '/system/user', false, 1, '-', '2020-02-17 06:26:21', null, null, 0, 0);
INSERT INTO server_management.menu (id, i_frame, name, component, pid, sort, icon, path, cache, enabled, component_name, create_time, permission, type, deleted, version) VALUES (154, null, '系统配置', 'system/system-conf', 127, 5, '', '/system/conf', false, 1, '-', '2020-02-22 05:49:09', null, null, 0, 1);
INSERT INTO server_management.menu (id, i_frame, name, component, pid, sort, icon, path, cache, enabled, component_name, create_time, permission, type, deleted, version) VALUES (155, null, '测试', '123', 0, 1, '', '', false, 0, '-', '2020-02-22 06:52:02', null, null, 0, 23);
INSERT INTO server_management.menu (id, i_frame, name, component, pid, sort, icon, path, cache, enabled, component_name, create_time, permission, type, deleted, version) VALUES (156, null, '测试2', '', 0, 1, '', '', false, 1, '-', '2020-02-22 10:40:46', null, null, 1, 1);
INSERT INTO server_management.process_info (id, server_id, pid, name, port, detail, root_path, startup_sh, shutdown_sh, status, deleted, version) VALUES (241, 321, null, 'EVT', null, 'EVT调度', '/isapapp/evt', '启:start.sh', '停:stop.sh', null, 0, 0);
INSERT INTO server_management.process_info (id, server_id, pid, name, port, detail, root_path, startup_sh, shutdown_sh, status, deleted, version) VALUES (242, 322, null, 'EVT', null, 'EVT调度', '/isapapp/evt', '启:start.sh', '停:stop.sh', null, 0, 0);
INSERT INTO server_management.process_info (id, server_id, pid, name, port, detail, root_path, startup_sh, shutdown_sh, status, deleted, version) VALUES (243, 323, null, 'NAI_ZJ', null, 'NAI收单', '/isapapp/NAI_ZJ', '启:start.sh', '停:stop.sh', null, 0, 0);
INSERT INTO server_management.process_info (id, server_id, pid, name, port, detail, root_path, startup_sh, shutdown_sh, status, deleted, version) VALUES (244, 324, null, 'NAI_ZJ', null, 'NAI收单', '/isapapp/NAI_ZJ', '启:start.sh', '停:stop.sh', null, 0, 0);
INSERT INTO server_management.process_info (id, server_id, pid, name, port, detail, root_path, startup_sh, shutdown_sh, status, deleted, version) VALUES (245, 325, null, 'ODC_IOE', null, 'ODC进程', '/isapapp/ODC/odc-1', '启:start.sh', '停:stop.sh', null, 0, 0);
INSERT INTO server_management.process_info (id, server_id, pid, name, port, detail, root_path, startup_sh, shutdown_sh, status, deleted, version) VALUES (246, 326, null, 'ODC_IOE', null, 'ODC进程', '/isapapp/ODC/odc-2', '启:start.sh', '停:stop.sh', null, 0, 0);
INSERT INTO server_management.process_info (id, server_id, pid, name, port, detail, root_path, startup_sh, shutdown_sh, status, deleted, version) VALUES (247, 325, null, 'ACTIVE_ODC_IOE', null, 'ODC解挂', '/isapapp/ODC/odc-active-1', '启:start.sh', '停:stop.sh', null, 0, 0);
INSERT INTO server_management.process_info (id, server_id, pid, name, port, detail, root_path, startup_sh, shutdown_sh, status, deleted, version) VALUES (248, 326, null, 'ACTIVE_ODC_IOE', null, 'ODC解挂', '/isapapp/ODC/odc-active-1', '启:start.sh', '停:stop.sh', null, 0, 0);
INSERT INTO server_management.process_info (id, server_id, pid, name, port, detail, root_path, startup_sh, shutdown_sh, status, deleted, version) VALUES (249, 323, null, 'GID', null, '激活GID', '/isapapp/GidServer', '启:start.sh', '停:stop.sh', null, 0, 0);
INSERT INTO server_management.process_info (id, server_id, pid, name, port, detail, root_path, startup_sh, shutdown_sh, status, deleted, version) VALUES (250, 324, null, 'GID', null, '激活GID', '/isapapp/GidServer', '启:start.sh', '停:stop.sh', null, 0, 0);
INSERT INTO server_management.process_info (id, server_id, pid, name, port, detail, root_path, startup_sh, shutdown_sh, status, deleted, version) VALUES (251, 324, null, 'ARCHIVER_ODC_IOE', null, '归档进程', '/isapapp/ODC/odc-archiver-1', '启:start.sh', '停:stop.sh', null, 0, 0);
INSERT INTO server_management.process_info (id, server_id, pid, name, port, detail, root_path, startup_sh, shutdown_sh, status, deleted, version) VALUES (252, 443, null, 'ODS_FTP_ISAP', null, 'ODS抽数服务', '/app/ODS_FTP_ISAP', '启:start.sh', '停:stop.sh', null, 0, 0);
INSERT INTO server_management.process_info (id, server_id, pid, name, port, detail, root_path, startup_sh, shutdown_sh, status, deleted, version) VALUES (253, 330, null, 'tomcat', null, 'WEB应用切记，18上面不启动，只启动17,不然会连接超过数量', '/isapapp/web/apache-tomcat-7.0.62', '启:bin/startup.sh', '停:bin/shutdown.sh', null, 0, 0);
INSERT INTO server_management.process_info (id, server_id, pid, name, port, detail, root_path, startup_sh, shutdown_sh, status, deleted, version) VALUES (254, 27, null, 'DIS_CWNOTKEY1', null, 'DCNNPI调度', '/isapapp/CWNOTKEY_ONE_NPI_ZJ_IOE', '启:start.sh', '停:stop.sh', null, 0, 0);
INSERT INTO server_management.process_info (id, server_id, pid, name, port, detail, root_path, startup_sh, shutdown_sh, status, deleted, version) VALUES (255, 27, null, 'DIS_CWNOTKEY2', null, 'DCNNPI调度', '/isapapp/CWNOTKEY_TWO_NPI_ZJ_IOE', '启:start.sh', '停:stop.sh', null, 0, 0);
INSERT INTO server_management.process_info (id, server_id, pid, name, port, detail, root_path, startup_sh, shutdown_sh, status, deleted, version) VALUES (256, 26, null, 'DIS_AAA', null, 'DCNNPI调度', '/isapapp/AAA_NPI_ZJ_IOE', '启:start.sh', '停:stop.sh', null, 0, 0);
INSERT INTO server_management.process_info (id, server_id, pid, name, port, detail, root_path, startup_sh, shutdown_sh, status, deleted, version) VALUES (257, 26, null, 'DIS_HWHLR', null, 'DCNNPI调度', '/isapapp/HWHLR_NPI_ZJ_IOE', '启:start.sh', '停:stop.sh', null, 0, 0);
INSERT INTO server_management.process_info (id, server_id, pid, name, port, detail, root_path, startup_sh, shutdown_sh, status, deleted, version) VALUES (258, 319, null, 'DIS_ALHLR', null, 'DCNNPI调度', '/isapapp/ALHLR_NPI_ZJ_IOE', '启:start.sh', '停:stop.sh', null, 0, 0);
INSERT INTO server_management.process_info (id, server_id, pid, name, port, detail, root_path, startup_sh, shutdown_sh, status, deleted, version) VALUES (259, 319, null, 'DIS_HSS', null, 'DCNNPI调度', '/isapapp/HSS_NPI_ZJ_IOE', '启:start.sh', '停:stop.sh', null, 0, 0);
INSERT INTO server_management.process_info (id, server_id, pid, name, port, detail, root_path, startup_sh, shutdown_sh, status, deleted, version) VALUES (260, 320, null, 'DIS_CWKEY', null, 'DCNNPI调度', '/isapapp/CWKEY_NPI_ZJ_IOE', '启:start.sh', '停:stop.sh', null, 0, 0);
INSERT INTO server_management.process_info (id, server_id, pid, name, port, detail, root_path, startup_sh, shutdown_sh, status, deleted, version) VALUES (261, 320, null, 'DIS_CWNOTKEY3', null, 'DCNNPI调度', '/isapapp/CWNOTKEY_THREE_NPI_ZJ_IOE', '启:start.sh', '停:stop.sh', null, 0, 0);
INSERT INTO server_management.process_info (id, server_id, pid, name, port, detail, root_path, startup_sh, shutdown_sh, status, deleted, version) VALUES (262, 327, null, 'DIS_PUB', null, '公网NPI调度', '/isapapp/公网调度', '启:start.sh', '停:stop.sh', null, 0, 0);
INSERT INTO server_management.process_info (id, server_id, pid, name, port, detail, root_path, startup_sh, shutdown_sh, status, deleted, version) VALUES (263, 320, null, 'DIS_AAA 备用进程', null, 'DCNNPI调度', '/isapapp/AAA_NPI_ZJ_IOE_BAK', '启:start.sh', '停:stop.sh', null, 0, 0);
INSERT INTO server_management.process_info (id, server_id, pid, name, port, detail, root_path, startup_sh, shutdown_sh, status, deleted, version) VALUES (264, 320, null, 'DIS_HWHLR 备用进程', null, 'DCNNPI调度', '/isapapp/HWHLR_NPI_ZJ_IOE_BAK', '启:start.sh', '停:stop.sh', null, 0, 0);
INSERT INTO server_management.process_info (id, server_id, pid, name, port, detail, root_path, startup_sh, shutdown_sh, status, deleted, version) VALUES (265, 320, null, 'DIS_ALHLR 备用进程', null, 'DCNNPI调度', '/isapapp/ALHLR_NPI_ZJ_IOE_BAK', '启:start.sh', '停:stop.sh', null, 0, 0);
INSERT INTO server_management.process_info (id, server_id, pid, name, port, detail, root_path, startup_sh, shutdown_sh, status, deleted, version) VALUES (266, 320, null, 'DIS_HSS 备用进程', null, 'DCNNPI调度', '/isapapp/HSS_NPI_ZJ_IOE_BAK', '启:start.sh', '停:stop.sh', null, 0, 0);
INSERT INTO server_management.process_info (id, server_id, pid, name, port, detail, root_path, startup_sh, shutdown_sh, status, deleted, version) VALUES (267, 27, null, 'DIS_CWKEY 备用进程', null, 'DCNNPI调度', '/isapapp/CWKEY_NPI_ZJ_IOE_BAK', '启:start.sh', '停:stop.sh', null, 0, 0);
INSERT INTO server_management.process_info (id, server_id, pid, name, port, detail, root_path, startup_sh, shutdown_sh, status, deleted, version) VALUES (268, 323, null, 'AsynFeed', null, '异步收单服务', '/isapapp/AsynFeed', '启:start.sh', '停:stop.sh', null, 0, 0);
INSERT INTO server_management.process_info (id, server_id, pid, name, port, detail, root_path, startup_sh, shutdown_sh, status, deleted, version) VALUES (269, 323, null, 'NAI_READER', null, 'NAI_READER', '/isapapp/NAI_READER', '启:start.sh', '停:stop.sh', null, 0, 0);
INSERT INTO server_management.process_info (id, server_id, pid, name, port, detail, root_path, startup_sh, shutdown_sh, status, deleted, version) VALUES (270, 324, null, 'NAI_READER', null, 'NAI_READER', '/isapapp/NAI_READER', '启:start.sh', '停:stop.sh', null, 0, 0);
INSERT INTO server_management.process_info (id, server_id, pid, name, port, detail, root_path, startup_sh, shutdown_sh, status, deleted, version) VALUES (271, 325, null, 'NAI_READER', null, 'NAI_READER', '/isapapp/NAI_READER', '启:start.sh', '停:stop.sh', null, 0, 0);
INSERT INTO server_management.process_info (id, server_id, pid, name, port, detail, root_path, startup_sh, shutdown_sh, status, deleted, version) VALUES (272, 326, null, 'NAI_READER', null, 'NAI_READER', '/isapapp/NAI_READER', '启:start.sh', '停:stop.sh', null, 0, 0);
INSERT INTO server_management.process_info (id, server_id, pid, name, port, detail, root_path, startup_sh, shutdown_sh, status, deleted, version) VALUES (273, 27, null, 'NAI_READER', null, 'NAI_READER', '/isapapp/NAI_READER', '启:start.sh', '停:stop.sh', null, 0, 0);
INSERT INTO server_management.process_info (id, server_id, pid, name, port, detail, root_path, startup_sh, shutdown_sh, status, deleted, version) VALUES (274, 26, null, 'NAI_READER', null, 'NAI_READER', '/isapapp/NAI_READER', '启:start.sh', '停:stop.sh', null, 0, 0);
INSERT INTO server_management.process_info (id, server_id, pid, name, port, detail, root_path, startup_sh, shutdown_sh, status, deleted, version) VALUES (275, 319, null, 'NAI_READER', null, 'NAI_READER', '/isapapp/NAI_READER', '启:start.sh', '停:stop.sh', null, 0, 0);
INSERT INTO server_management.process_info (id, server_id, pid, name, port, detail, root_path, startup_sh, shutdown_sh, status, deleted, version) VALUES (276, 320, null, 'NAI_READER', null, 'NAI_READER', '/isapapp/NAI_READER', '启:start.sh', '停:stop.sh', null, 0, 0);
INSERT INTO server_management.process_info (id, server_id, pid, name, port, detail, root_path, startup_sh, shutdown_sh, status, deleted, version) VALUES (277, 327, null, 'NAI_READER', null, 'NAI_READER', '/isapapp/NAI_READER', '启:start.sh', '停:stop.sh', null, 0, 0);
INSERT INTO server_management.process_info (id, server_id, pid, name, port, detail, root_path, startup_sh, shutdown_sh, status, deleted, version) VALUES (278, 317, null, '在线库zdaas', null, 'zdaas', '/isapapp/ZDaaS-Server-R.1.2.0', '启:startup.sh', '', null, 0, 0);
INSERT INTO server_management.process_info (id, server_id, pid, name, port, detail, root_path, startup_sh, shutdown_sh, status, deleted, version) VALUES (279, 317, null, '历史库zdaas', null, 'zdaas', '/isapapp/ZDaaS-Server-R.1.2.0_his', '启:startup.sh', '', null, 0, 0);
INSERT INTO server_management.process_info (id, server_id, pid, name, port, detail, root_path, startup_sh, shutdown_sh, status, deleted, version) VALUES (280, 317, null, '4G国漫', null, '4G国漫', '/isapapp/GM_SYNC', '启:gm_sync.sh', '', null, 0, 0);
INSERT INTO server_management.process_info (id, server_id, pid, name, port, detail, root_path, startup_sh, shutdown_sh, status, deleted, version) VALUES (281, 27, null, 'CWNOTKEY_ONE_NPI_ZJ_IOE', null, '调度编码:DIS_CWNOTKEY1', '', '', '', null, 0, 0);
INSERT INTO server_management.process_info (id, server_id, pid, name, port, detail, root_path, startup_sh, shutdown_sh, status, deleted, version) VALUES (282, 27, null, 'CWNOTKEY_TWO_NPI_ZJ_IOE', null, '调度编码:DIS_CWNOTKEY2', '', '', '', null, 0, 0);
INSERT INTO server_management.process_info (id, server_id, pid, name, port, detail, root_path, startup_sh, shutdown_sh, status, deleted, version) VALUES (283, 26, null, 'AAA_NPI_ZJ_IOE', null, '调度编码:DIS_AAA', '', '', '', null, 0, 0);
INSERT INTO server_management.process_info (id, server_id, pid, name, port, detail, root_path, startup_sh, shutdown_sh, status, deleted, version) VALUES (284, 26, null, 'HWHLR_NPI_ZJ_IOE', null, '调度编码:DIS_HWHLR', '', '', '', null, 0, 0);
INSERT INTO server_management.process_info (id, server_id, pid, name, port, detail, root_path, startup_sh, shutdown_sh, status, deleted, version) VALUES (285, 319, null, 'ALHLR_NPI_ZJ_IOE', null, '调度编码:DIS_ALHLR', '', '', '', null, 0, 0);
INSERT INTO server_management.process_info (id, server_id, pid, name, port, detail, root_path, startup_sh, shutdown_sh, status, deleted, version) VALUES (286, 319, null, 'HSS_NPI_ZJ_IOE', null, '调度编码:DIS_HSS', '', '', '', null, 0, 0);
INSERT INTO server_management.process_info (id, server_id, pid, name, port, detail, root_path, startup_sh, shutdown_sh, status, deleted, version) VALUES (287, 320, null, 'CWKEY_NPI_ZJ_IOE', null, '调度编码:DIS_CWKEY', '', '', '', null, 0, 0);
INSERT INTO server_management.process_info (id, server_id, pid, name, port, detail, root_path, startup_sh, shutdown_sh, status, deleted, version) VALUES (288, 320, null, 'CWNOTKEY_THREE_NPI_ZJ_IOE', null, '调度编码:DIS_CWNOTKEY3', '', '', '', null, 0, 0);
INSERT INTO server_management.process_info (id, server_id, pid, name, port, detail, root_path, startup_sh, shutdown_sh, status, deleted, version) VALUES (289, 327, null, '公网调度', null, '调度编码:DIS_PUB', '', '', '', null, 0, 0);
INSERT INTO server_management.process_info (id, server_id, pid, name, port, detail, root_path, startup_sh, shutdown_sh, status, deleted, version) VALUES (290, 320, null, 'AAA_NPI_ZJ_IOE_BAK', null, '调度编码:DIS_AAA', '', '', '', null, 0, 0);
INSERT INTO server_management.process_info (id, server_id, pid, name, port, detail, root_path, startup_sh, shutdown_sh, status, deleted, version) VALUES (291, 320, null, 'HWHLR_NPI_ZJ_IOE_BAK', null, '调度编码:DIS_HWHLR', '', '', '', null, 0, 0);
INSERT INTO server_management.process_info (id, server_id, pid, name, port, detail, root_path, startup_sh, shutdown_sh, status, deleted, version) VALUES (292, 320, null, 'ALHLR_NPI_ZJ_IOE_BAK', null, '调度编码:DIS_ALHLR', '', '', '', null, 0, 0);
INSERT INTO server_management.process_info (id, server_id, pid, name, port, detail, root_path, startup_sh, shutdown_sh, status, deleted, version) VALUES (293, 320, null, 'HSS_NPI_ZJ_IOE_BAK', null, '调度编码:DIS_HSS', '', '', '', null, 0, 0);
INSERT INTO server_management.process_info (id, server_id, pid, name, port, detail, root_path, startup_sh, shutdown_sh, status, deleted, version) VALUES (294, 27, null, 'CWKEY_NPI_ZJ_IOE_BAK', null, '调度编码:DIS_CWKEY', '', '', '', null, 0, 0);
INSERT INTO server_management.process_info (id, server_id, pid, name, port, detail, root_path, startup_sh, shutdown_sh, status, deleted, version) VALUES (295, 321, null, 'EVT', null, '', '/isapapp/evt', '', '', null, 0, 0);
INSERT INTO server_management.process_info (id, server_id, pid, name, port, detail, root_path, startup_sh, shutdown_sh, status, deleted, version) VALUES (296, 322, null, 'EVT', null, '', '/isapapp/evt', '', '', null, 0, 0);
INSERT INTO server_management.process_info (id, server_id, pid, name, port, detail, root_path, startup_sh, shutdown_sh, status, deleted, version) VALUES (297, 325, null, '1_ODC_IOE', null, '', '/isapapp/ODC/odc-1', '', '', null, 0, 0);
INSERT INTO server_management.process_info (id, server_id, pid, name, port, detail, root_path, startup_sh, shutdown_sh, status, deleted, version) VALUES (298, 326, null, '2_ODC_IOE', null, '', '/isapapp/ODC/odc-2', '', '', null, 0, 0);
INSERT INTO server_management.process_info (id, server_id, pid, name, port, detail, root_path, startup_sh, shutdown_sh, status, deleted, version) VALUES (299, 325, null, 'ACTIVE_ODC_IOE', null, '', '/isapapp/ODC/odc-active-1', '', '', null, 0, 0);
INSERT INTO server_management.process_info (id, server_id, pid, name, port, detail, root_path, startup_sh, shutdown_sh, status, deleted, version) VALUES (300, 326, null, 'ACTIVE_ODC_IOE', null, '', '/isapapp/ODC/odc-active-1', '', '', null, 0, 0);
INSERT INTO server_management.process_info (id, server_id, pid, name, port, detail, root_path, startup_sh, shutdown_sh, status, deleted, version) VALUES (301, 323, null, 'NAI_ZJ', null, '', '/isapapp/NAI_ZJ', '', '', null, 0, 0);
INSERT INTO server_management.process_info (id, server_id, pid, name, port, detail, root_path, startup_sh, shutdown_sh, status, deleted, version) VALUES (302, 324, null, 'NAI_ZJ', null, '', '/isapapp/NAI_ZJ', '', '', null, 0, 0);
INSERT INTO server_management.process_info (id, server_id, pid, name, port, detail, root_path, startup_sh, shutdown_sh, status, deleted, version) VALUES (303, 324, null, 'ARCHIVER_ODC_IOE', null, '', '/isapapp/ODC/odc-archiver-1', '', '', null, 0, 0);
INSERT INTO server_management.process_info (id, server_id, pid, name, port, detail, root_path, startup_sh, shutdown_sh, status, deleted, version) VALUES (304, 443, null, 'ODS_FTP_ISAP', null, '', '/app/ODS_FTP_ISAP', '', '', null, 0, 0);
INSERT INTO server_management.process_info (id, server_id, pid, name, port, detail, root_path, startup_sh, shutdown_sh, status, deleted, version) VALUES (305, 323, null, 'GID', null, '', '/isapapp/GidServer', '启:start.sh', '停:stop.sh', null, 0, 0);
INSERT INTO server_management.process_info (id, server_id, pid, name, port, detail, root_path, startup_sh, shutdown_sh, status, deleted, version) VALUES (306, 324, null, 'GID', null, '', '/isapapp/GidServer', '启:start.sh', '停:stop.sh', null, 0, 0);
INSERT INTO server_management.process_info (id, server_id, pid, name, port, detail, root_path, startup_sh, shutdown_sh, status, deleted, version) VALUES (307, 330, null, 'web', null, 'F5地址http://134.96.168.110:80/ioeweb', '/isapapp/web', '', '', null, 0, 0);
INSERT INTO server_management.process_info (id, server_id, pid, name, port, detail, root_path, startup_sh, shutdown_sh, status, deleted, version) VALUES (308, 331, null, 'web', null, 'F5地址http://134.96.168.110:80/ioeweb', '/isapapp/web', '', '', null, 0, 0);
INSERT INTO server_management.process_info (id, server_id, pid, name, port, detail, root_path, startup_sh, shutdown_sh, status, deleted, version) VALUES (309, 317, null, 'ZDaaS-Server-R.1.0.0', null, '在线库zdaas', '/isapapp/ZDaaS-Server-R.1.2.0', '', '', null, 0, 0);
INSERT INTO server_management.process_info (id, server_id, pid, name, port, detail, root_path, startup_sh, shutdown_sh, status, deleted, version) VALUES (310, 318, null, 'ZDaaS-Server-R.1.0.0', null, '在线库zdaas备用', '/isapapp/ZDaaS-Server-R.1.2.0', '', '', null, 0, 0);
INSERT INTO server_management.process_info (id, server_id, pid, name, port, detail, root_path, startup_sh, shutdown_sh, status, deleted, version) VALUES (311, 317, null, 'ZDaaS-Server-R.1.0.0_2', null, '历史库zdaas', '/isapapp/ZDaaS-Server-R.1.2.0_his', '', '', null, 0, 0);
INSERT INTO server_management.process_info (id, server_id, pid, name, port, detail, root_path, startup_sh, shutdown_sh, status, deleted, version) VALUES (312, 318, null, 'ZDaaS-Server-R.1.0.0_2', null, '历史库zdaas备用', '/isapapp/ZDaaS-Server-R.1.2.0_his', '', '', null, 0, 0);
INSERT INTO server_management.process_info (id, server_id, pid, name, port, detail, root_path, startup_sh, shutdown_sh, status, deleted, version) VALUES (313, 444, null, '激活页面F5', null, '映射地址:134.96.168.17:8011', '', '', '', null, 0, 0);
INSERT INTO server_management.process_info (id, server_id, pid, name, port, detail, root_path, startup_sh, shutdown_sh, status, deleted, version) VALUES (314, 444, null, '激活页面F5', null, '映射地址:134.96.168.17:8012', '', '', '', null, 0, 0);
INSERT INTO server_management.process_info (id, server_id, pid, name, port, detail, root_path, startup_sh, shutdown_sh, status, deleted, version) VALUES (315, 444, null, '激活页面F5', null, '映射地址:134.96.168.18:8011', '', '', '', null, 0, 0);
INSERT INTO server_management.process_info (id, server_id, pid, name, port, detail, root_path, startup_sh, shutdown_sh, status, deleted, version) VALUES (316, 444, null, '激活页面F5', null, '映射地址:134.96.168.18:8012', '', '', '', null, 0, 0);
INSERT INTO server_management.process_info (id, server_id, pid, name, port, detail, root_path, startup_sh, shutdown_sh, status, deleted, version) VALUES (317, 445, null, '激活NAI F5', null, '映射地址:134.96.177.11:8001', '', '', '', null, 0, 0);
INSERT INTO server_management.process_info (id, server_id, pid, name, port, detail, root_path, startup_sh, shutdown_sh, status, deleted, version) VALUES (318, 445, null, '激活NAI F5', null, '映射地址:134.96.177.12:8001', '', '', '', null, 0, 0);
INSERT INTO server_management.process_info (id, server_id, pid, name, port, detail, root_path, startup_sh, shutdown_sh, status, deleted, version) VALUES (319, 446, null, '激活GID F5', null, '映射地址:134.96.177.11:8088', '', '', '', null, 0, 0);
INSERT INTO server_management.process_info (id, server_id, pid, name, port, detail, root_path, startup_sh, shutdown_sh, status, deleted, version) VALUES (320, 446, null, '激活GID F5', null, '映射地址:134.96.177.12:8088', '', '', '', null, 0, 0);
INSERT INTO server_management.role (id, name, remark, data_scope, level, create_time, permission, deleted, version) VALUES (1, '超级管理员', '-', '全部', 1, '2018-11-23 11:04:37', 'admin', 0, 0);
INSERT INTO server_management.role (id, name, remark, data_scope, level, create_time, permission, deleted, version) VALUES (2, '普通用户', '-', '本级', 2, '2018-11-23 13:09:06', 'common', 0, 0);
INSERT INTO server_management.role (id, name, remark, data_scope, level, create_time, permission, deleted, version) VALUES (6, '222', null, null, null, '2020-02-17 03:27:40', null, 0, 0);
INSERT INTO server_management.role (id, name, remark, data_scope, level, create_time, permission, deleted, version) VALUES (7, '超级管理员-只读', null, null, null, '2020-02-21 07:02:58', null, 0, 0);
INSERT INTO server_management.roles_action (action_id, role_id, deleted) VALUES (2, 1, 0);
INSERT INTO server_management.roles_action (action_id, role_id, deleted) VALUES (3, 1, 0);
INSERT INTO server_management.roles_action (action_id, role_id, deleted) VALUES (3, 7, 0);
INSERT INTO server_management.roles_action (action_id, role_id, deleted) VALUES (4, 1, 0);
INSERT INTO server_management.roles_action (action_id, role_id, deleted) VALUES (5, 1, 0);
INSERT INTO server_management.roles_action (action_id, role_id, deleted) VALUES (6, 1, 0);
INSERT INTO server_management.roles_action (action_id, role_id, deleted) VALUES (8, 1, 0);
INSERT INTO server_management.roles_action (action_id, role_id, deleted) VALUES (10, 1, 0);
INSERT INTO server_management.roles_action (action_id, role_id, deleted) VALUES (11, 1, 0);
INSERT INTO server_management.roles_action (action_id, role_id, deleted) VALUES (12, 1, 0);
INSERT INTO server_management.roles_action (action_id, role_id, deleted) VALUES (13, 1, 0);
INSERT INTO server_management.roles_action (action_id, role_id, deleted) VALUES (14, 1, 0);
INSERT INTO server_management.roles_action (action_id, role_id, deleted) VALUES (15, 1, 0);
INSERT INTO server_management.roles_action (action_id, role_id, deleted) VALUES (16, 1, 0);
INSERT INTO server_management.roles_action (action_id, role_id, deleted) VALUES (17, 1, 0);
INSERT INTO server_management.roles_action (action_id, role_id, deleted) VALUES (18, 1, 0);
INSERT INTO server_management.roles_action (action_id, role_id, deleted) VALUES (18, 7, 0);
INSERT INTO server_management.roles_action (action_id, role_id, deleted) VALUES (27, 1, 0);
INSERT INTO server_management.roles_action (action_id, role_id, deleted) VALUES (28, 1, 0);
INSERT INTO server_management.roles_action (action_id, role_id, deleted) VALUES (29, 1, 0);
INSERT INTO server_management.roles_action (action_id, role_id, deleted) VALUES (30, 1, 0);
INSERT INTO server_management.roles_action (action_id, role_id, deleted) VALUES (30, 7, 0);
INSERT INTO server_management.roles_action (action_id, role_id, deleted) VALUES (31, 1, 0);
INSERT INTO server_management.roles_action (action_id, role_id, deleted) VALUES (32, 1, 0);
INSERT INTO server_management.roles_action (action_id, role_id, deleted) VALUES (33, 1, 0);
INSERT INTO server_management.roles_action (action_id, role_id, deleted) VALUES (34, 1, 0);
INSERT INTO server_management.roles_action (action_id, role_id, deleted) VALUES (35, 1, 0);
INSERT INTO server_management.roles_action (action_id, role_id, deleted) VALUES (36, 1, 0);
INSERT INTO server_management.roles_action (action_id, role_id, deleted) VALUES (37, 1, 0);
INSERT INTO server_management.roles_action (action_id, role_id, deleted) VALUES (38, 1, 0);
INSERT INTO server_management.roles_action (action_id, role_id, deleted) VALUES (39, 1, 0);
INSERT INTO server_management.roles_action (action_id, role_id, deleted) VALUES (40, 1, 0);
INSERT INTO server_management.roles_action (action_id, role_id, deleted) VALUES (41, 1, 0);
INSERT INTO server_management.roles_action (action_id, role_id, deleted) VALUES (42, 1, 0);
INSERT INTO server_management.roles_action (action_id, role_id, deleted) VALUES (43, 1, 0);
INSERT INTO server_management.roles_action (action_id, role_id, deleted) VALUES (44, 1, 0);
INSERT INTO server_management.roles_action (action_id, role_id, deleted) VALUES (45, 1, 0);
INSERT INTO server_management.roles_action (action_id, role_id, deleted) VALUES (46, 1, 0);
INSERT INTO server_management.roles_action (action_id, role_id, deleted) VALUES (46, 7, 0);
INSERT INTO server_management.roles_action (action_id, role_id, deleted) VALUES (47, 1, 0);
INSERT INTO server_management.roles_action (action_id, role_id, deleted) VALUES (48, 1, 0);
INSERT INTO server_management.roles_action (action_id, role_id, deleted) VALUES (49, 1, 0);
INSERT INTO server_management.roles_menus (menu_id, role_id, deleted) VALUES (127, 1, 0);
INSERT INTO server_management.roles_menus (menu_id, role_id, deleted) VALUES (127, 7, 0);
INSERT INTO server_management.roles_menus (menu_id, role_id, deleted) VALUES (128, 1, 0);
INSERT INTO server_management.roles_menus (menu_id, role_id, deleted) VALUES (128, 7, 0);
INSERT INTO server_management.roles_menus (menu_id, role_id, deleted) VALUES (131, 1, 0);
INSERT INTO server_management.roles_menus (menu_id, role_id, deleted) VALUES (131, 7, 0);
INSERT INTO server_management.roles_menus (menu_id, role_id, deleted) VALUES (150, 1, 0);
INSERT INTO server_management.roles_menus (menu_id, role_id, deleted) VALUES (150, 7, 0);
INSERT INTO server_management.roles_menus (menu_id, role_id, deleted) VALUES (154, 1, 0);
INSERT INTO server_management.roles_menus (menu_id, role_id, deleted) VALUES (154, 7, 0);
INSERT INTO server_management.roles_menus (menu_id, role_id, deleted) VALUES (155, 1, 0);
INSERT INTO server_management.server_info (id, ip, name, type, detail, username, password, catalog_id, modified_time, connectable, mounted_on, disk_total, disk_used, update_time, deleted, version) VALUES (3, '134.96.254.121', '投诉诊断app1', null, 'nms,TD_CORE', 'isap', 'Yc8/hdRuseG9aM5et6cSl/VnUthl9Gs6zVv1BrF1CGg=', 12, '2019-11-11 03:35:04', 1, '/usr', 3787664, 1970820, '2020-01-20 06:32:36', 0, 0);
INSERT INTO server_management.server_info (id, ip, name, type, detail, username, password, catalog_id, modified_time, connectable, mounted_on, disk_total, disk_used, update_time, deleted, version) VALUES (5, '134.96.254.120', '投诉诊断app0', null, 'NPI,TD_WEB', 'isap', 'w8mROf+IhE/rIkq2Jf32V3U6oI5zbPePqqOOh1kqeM8=', 12, '2019-11-11 07:24:37', 0, null, null, null, null, 0, 0);
INSERT INTO server_management.server_info (id, ip, name, type, detail, username, password, catalog_id, modified_time, connectable, mounted_on, disk_total, disk_used, update_time, deleted, version) VALUES (7, '134.96.254.123', '投诉诊断app3', null, 'Redis', 'isap', 'RkRwRmBdg/f43TDMQtv99FclYppMBYj7eAFR1K8g2jI=', 12, '2019-11-13 10:35:50', 1, '/salog', 4767360, 3588848, '2020-01-20 06:32:38', 0, 0);
INSERT INTO server_management.server_info (id, ip, name, type, detail, username, password, catalog_id, modified_time, connectable, mounted_on, disk_total, disk_used, update_time, deleted, version) VALUES (8, '134.96.254.122', '投诉诊断app2', 1, 'Jetty,流程图', 'isap', 'qsemoskjhed13COvpG6NfHD4ST1TjTujnDqpE7U2UbY=', 12, '2019-08-13 09:38:40', 0, null, null, null, null, 0, 0);
INSERT INTO server_management.server_info (id, ip, name, type, detail, username, password, catalog_id, modified_time, connectable, mounted_on, disk_total, disk_used, update_time, deleted, version) VALUES (9, '134.96.218.85', '投诉诊断_生产_app5', null, 'TD_CORE五模块', 'isap', 'Ejm9YlikrIP5qE5asLCPTmwFfOthSho93HcsN7lf7GY=', 13, '2019-10-28 04:28:38', 0, null, null, null, null, 0, 0);
INSERT INTO server_management.server_info (id, ip, name, type, detail, username, password, catalog_id, modified_time, connectable, mounted_on, disk_total, disk_used, update_time, deleted, version) VALUES (10, '134.96.218.86', '投诉诊断_生产_app6', null, 'nms', 'isap', 'wDGcb0TCgUBYmoceAa5ifXOrlhg+eNTeSRoNceWuhuA=', 13, '2019-11-26 04:37:35', 0, null, null, null, null, 0, 0);
INSERT INTO server_management.server_info (id, ip, name, type, detail, username, password, catalog_id, modified_time, connectable, mounted_on, disk_total, disk_used, update_time, deleted, version) VALUES (11, '134.96.218.87', '投诉诊断_生产_app7', null, 'NPI', 'isap', 'HNNbI1xPVdaNYTAvBp6kcqgKajKXor0hOuq+r8cH7Tc=', 13, '2019-10-22 02:54:55', 0, null, null, null, null, 0, 0);
INSERT INTO server_management.server_info (id, ip, name, type, detail, username, password, catalog_id, modified_time, connectable, mounted_on, disk_total, disk_used, update_time, deleted, version) VALUES (12, '134.96.218.88', '投诉诊断_生产_app8', null, 'TD_WEB,8008.
Jetty，流程图', 'isap', 'dYvYSeFtzry3lC5whp5O3A==', 13, '2019-10-21 06:40:54', 0, null, null, null, null, 0, 0);
INSERT INTO server_management.server_info (id, ip, name, type, detail, username, password, catalog_id, modified_time, connectable, mounted_on, disk_total, disk_used, update_time, deleted, version) VALUES (13, '134.96.243.187', 'isap_gw_npi1', null, null, 'isap', 'i0NHRuSF+j0ERpl4DkYiSA==', 42, '2019-11-04 03:59:13', 1, '/app', 342888144, 243395520, '2020-01-20 07:33:50', 0, 0);
INSERT INTO server_management.server_info (id, ip, name, type, detail, username, password, catalog_id, modified_time, connectable, mounted_on, disk_total, disk_used, update_time, deleted, version) VALUES (14, '134.96.243.188', 'isap_gw_npi2', null, null, 'isap', 'Wku+hB4lQes7jdWppxp3Lg==', 42, '2019-09-12 08:06:53', 1, '/app', 342888144, 166236668, '2020-01-20 07:34:55', 0, 0);
INSERT INTO server_management.server_info (id, ip, name, type, detail, username, password, catalog_id, modified_time, connectable, mounted_on, disk_total, disk_used, update_time, deleted, version) VALUES (15, '134.96.243.189', 'isap_gw_npi3', null, null, 'isap', '/l6IeMzGBno3YLqDJ9nt1A==', 42, '2020-01-20 07:23:25', 1, '/app', 342888144, 192998088, '2020-01-20 07:35:55', 0, 0);
INSERT INTO server_management.server_info (id, ip, name, type, detail, username, password, catalog_id, modified_time, connectable, mounted_on, disk_total, disk_used, update_time, deleted, version) VALUES (16, '134.96.243.190', 'isap_gw_npi4', null, null, 'isap', '8bhAReoW2Q09YSsFdu0bBw==', 42, '2020-01-20 07:25:02', 1, '/app', 342888144, 133519888, '2020-01-20 07:36:29', 0, 0);
INSERT INTO server_management.server_info (id, ip, name, type, detail, username, password, catalog_id, modified_time, connectable, mounted_on, disk_total, disk_used, update_time, deleted, version) VALUES (17, '134.96.243.191', 'isap_gw_npi5', null, null, 'isap', 'UuE6F096OlPjfQJp1WLPSA==', 42, '2020-01-20 07:25:10', 1, '/app', 342888144, 132248216, '2020-01-20 07:36:34', 0, 0);
INSERT INTO server_management.server_info (id, ip, name, type, detail, username, password, catalog_id, modified_time, connectable, mounted_on, disk_total, disk_used, update_time, deleted, version) VALUES (18, '134.96.243.192', 'isap_gw_npi6', null, null, 'isap', 'ERQ8WaAB/JtLVSwpi/3/Ug==', 42, '2020-01-20 07:25:18', 1, '/app', 342888144, 26040320, '2020-01-20 07:36:41', 0, 0);
INSERT INTO server_management.server_info (id, ip, name, type, detail, username, password, catalog_id, modified_time, connectable, mounted_on, disk_total, disk_used, update_time, deleted, version) VALUES (19, '134.96.243.193', 'isap_gw_npi7', null, null, 'isap', 'wi8UNMZMU/4kWU6FEyDf8w==', 42, '2020-01-20 07:25:24', 1, '/app', 342888144, 211150220, '2020-01-20 07:36:50', 0, 0);
INSERT INTO server_management.server_info (id, ip, name, type, detail, username, password, catalog_id, modified_time, connectable, mounted_on, disk_total, disk_used, update_time, deleted, version) VALUES (20, '134.96.243.194', 'isap_gw_npi8', null, null, 'isap', '1OutxjAmf61D0398slCCrg==', 42, '2020-01-20 07:25:35', 1, '/app', 342888144, 11637212, '2020-01-20 07:36:55', 0, 0);
INSERT INTO server_management.server_info (id, ip, name, type, detail, username, password, catalog_id, modified_time, connectable, mounted_on, disk_total, disk_used, update_time, deleted, version) VALUES (21, '134.96.179.164', '及时激活测试', null, null, 'iom', 'v1brpI2gw3i97jgCM7/9ig==', 9, '2019-12-30 02:48:29', 0, null, 48849740, 37540996, '2020-01-19 19:09:30', 0, 0);
INSERT INTO server_management.server_info (id, ip, name, type, detail, username, password, catalog_id, modified_time, connectable, mounted_on, disk_total, disk_used, update_time, deleted, version) VALUES (22, '134.96.188.54', '188.54_app2', null, null, 'ztegwtest', 'SqiaPzBvOeSEMn/kt5aXUA==', 41, '2019-10-30 07:23:30', 1, '/app', 97965552, 53219756, '2020-01-20 08:12:34', 0, 0);
INSERT INTO server_management.server_info (id, ip, name, type, detail, username, password, catalog_id, modified_time, connectable, mounted_on, disk_total, disk_used, update_time, deleted, version) VALUES (23, '134.96.246.32', 'web1', null, null, 'isap', null, 42, '2019-09-09 03:45:04', 0, null, null, null, null, 0, 0);
INSERT INTO server_management.server_info (id, ip, name, type, detail, username, password, catalog_id, modified_time, connectable, mounted_on, disk_total, disk_used, update_time, deleted, version) VALUES (24, '134.96.246.33', 'web2', null, null, 'isap', null, 42, '2019-09-09 03:45:04', 0, null, null, null, null, 0, 0);
INSERT INTO server_management.server_info (id, ip, name, type, detail, username, password, catalog_id, modified_time, connectable, mounted_on, disk_total, disk_used, update_time, deleted, version) VALUES (25, '192.168.109.2', '虚拟机', null, '本地虚拟机', 'root', 'trbIyBu43bKHrLxUXr2nmA==', 1, '2019-09-08 16:46:46', 0, null, null, null, null, 0, 0);
INSERT INTO server_management.server_info (id, ip, name, type, detail, username, password, catalog_id, modified_time, connectable, mounted_on, disk_total, disk_used, update_time, deleted, version) VALUES (26, '134.96.177.14', 'isap_dcn_npi02', null, null, 'isap', null, 38, '2019-09-09 03:45:03', 0, null, null, null, null, 0, 0);
INSERT INTO server_management.server_info (id, ip, name, type, detail, username, password, catalog_id, modified_time, connectable, mounted_on, disk_total, disk_used, update_time, deleted, version) VALUES (27, '134.96.177.13', 'isap_dcn_npi01', null, null, 'isap', null, 38, '2019-09-09 03:45:03', 0, null, null, null, null, 0, 0);
INSERT INTO server_management.server_info (id, ip, name, type, detail, username, password, catalog_id, modified_time, connectable, mounted_on, disk_total, disk_used, update_time, deleted, version) VALUES (28, '134.96.188.53', '188.53_app1', null, null, 'ztegwtest', 'SqiaPzBvOeSEMn/kt5aXUA==', 41, '2019-09-24 08:24:40', 1, '/app', 97965552, 63976484, '2020-01-20 08:12:38', 0, 0);
INSERT INTO server_management.server_info (id, ip, name, type, detail, username, password, catalog_id, modified_time, connectable, mounted_on, disk_total, disk_used, update_time, deleted, version) VALUES (297, '134.96.217.165', 'STOP_C_GID_1', null, null, 'isap', 'f+PAvqnHats+DS7dPyKJDw==', 36, '2019-12-31 16:44:18', 0, null, 3787664, 2021860, '2020-01-19 19:09:42', 0, 0);
INSERT INTO server_management.server_info (id, ip, name, type, detail, username, password, catalog_id, modified_time, connectable, mounted_on, disk_total, disk_used, update_time, deleted, version) VALUES (298, '134.96.217.166', 'STOP_C_GID_2', null, null, 'isap', 'f+PAvqnHats+DS7dPyKJDw==', 36, '2019-12-31 16:44:05', 0, null, 3787664, 2021860, '2020-01-19 19:09:44', 0, 0);
INSERT INTO server_management.server_info (id, ip, name, type, detail, username, password, catalog_id, modified_time, connectable, mounted_on, disk_total, disk_used, update_time, deleted, version) VALUES (299, '134.96.217.167', 'STOP_C_GID_3', null, null, 'isap', null, 36, '2019-09-09 03:45:02', 0, null, null, null, null, 0, 0);
INSERT INTO server_management.server_info (id, ip, name, type, detail, username, password, catalog_id, modified_time, connectable, mounted_on, disk_total, disk_used, update_time, deleted, version) VALUES (300, '134.96.217.168', 'STOP_C_GID_4', null, null, 'isap', null, 36, '2019-09-09 03:45:02', 0, null, null, null, null, 0, 0);
INSERT INTO server_management.server_info (id, ip, name, type, detail, username, password, catalog_id, modified_time, connectable, mounted_on, disk_total, disk_used, update_time, deleted, version) VALUES (301, '134.96.232.10', 'bk_isap_daas01', null, null, 'isap', null, 37, '2019-09-09 03:45:02', 0, null, null, null, null, 0, 0);
INSERT INTO server_management.server_info (id, ip, name, type, detail, username, password, catalog_id, modified_time, connectable, mounted_on, disk_total, disk_used, update_time, deleted, version) VALUES (302, '134.96.232.11', 'bk_isap_daas02', null, null, 'isap', null, 37, '2019-09-09 03:45:02', 0, null, null, null, null, 0, 0);
INSERT INTO server_management.server_info (id, ip, name, type, detail, username, password, catalog_id, modified_time, connectable, mounted_on, disk_total, disk_used, update_time, deleted, version) VALUES (303, '134.96.232.12', 'bk_isap_dcnnpi01', null, null, 'isap', null, 37, '2019-09-09 03:45:02', 0, null, null, null, null, 0, 0);
INSERT INTO server_management.server_info (id, ip, name, type, detail, username, password, catalog_id, modified_time, connectable, mounted_on, disk_total, disk_used, update_time, deleted, version) VALUES (304, '134.96.232.13', 'bk_isap_dcnnpi02', null, null, 'isap', null, 37, '2019-09-09 03:45:03', 0, null, null, null, null, 0, 0);
INSERT INTO server_management.server_info (id, ip, name, type, detail, username, password, catalog_id, modified_time, connectable, mounted_on, disk_total, disk_used, update_time, deleted, version) VALUES (305, '134.96.232.14', 'bk_isap_dcnnpi03', null, null, 'isap', null, 37, '2019-09-09 03:45:03', 0, null, null, null, null, 0, 0);
INSERT INTO server_management.server_info (id, ip, name, type, detail, username, password, catalog_id, modified_time, connectable, mounted_on, disk_total, disk_used, update_time, deleted, version) VALUES (306, '134.96.232.15', 'bk_isap_dcnnpi04', null, null, 'isap', null, 37, '2019-09-09 03:45:03', 0, null, null, null, null, 0, 0);
INSERT INTO server_management.server_info (id, ip, name, type, detail, username, password, catalog_id, modified_time, connectable, mounted_on, disk_total, disk_used, update_time, deleted, version) VALUES (307, '134.96.232.20', 'bk_isap_evt01', null, null, 'isap', null, 37, '2019-09-09 03:45:03', 0, null, null, null, null, 0, 0);
INSERT INTO server_management.server_info (id, ip, name, type, detail, username, password, catalog_id, modified_time, connectable, mounted_on, disk_total, disk_used, update_time, deleted, version) VALUES (308, '134.96.232.21', 'bk_isap_evt02', null, null, 'isap', null, 37, '2019-09-09 03:45:03', 0, null, null, null, null, 0, 0);
INSERT INTO server_management.server_info (id, ip, name, type, detail, username, password, catalog_id, modified_time, connectable, mounted_on, disk_total, disk_used, update_time, deleted, version) VALUES (309, '134.96.232.18', 'bk_isap_nai01', null, null, 'isap', null, 37, '2019-09-09 03:45:03', 0, null, null, null, null, 0, 0);
INSERT INTO server_management.server_info (id, ip, name, type, detail, username, password, catalog_id, modified_time, connectable, mounted_on, disk_total, disk_used, update_time, deleted, version) VALUES (310, '134.96.232.19', 'bk_isap_nai02', null, null, 'isap', null, 37, '2019-09-09 03:45:03', 0, null, null, null, null, 0, 0);
INSERT INTO server_management.server_info (id, ip, name, type, detail, username, password, catalog_id, modified_time, connectable, mounted_on, disk_total, disk_used, update_time, deleted, version) VALUES (311, '134.96.232.22', 'bk_isap_odc01', null, null, 'isap', null, 37, '2019-09-09 03:45:03', 0, null, null, null, null, 0, 0);
INSERT INTO server_management.server_info (id, ip, name, type, detail, username, password, catalog_id, modified_time, connectable, mounted_on, disk_total, disk_used, update_time, deleted, version) VALUES (312, '134.96.232.23', 'bk_isap_odc02', null, null, 'isap', null, 37, '2019-09-09 03:45:03', 0, null, null, null, null, 0, 0);
INSERT INTO server_management.server_info (id, ip, name, type, detail, username, password, catalog_id, modified_time, connectable, mounted_on, disk_total, disk_used, update_time, deleted, version) VALUES (313, '134.96.232.16', 'bk_isap_pubnpi1', null, null, 'isap', null, 37, '2019-09-09 03:45:03', 0, null, null, null, null, 0, 0);
INSERT INTO server_management.server_info (id, ip, name, type, detail, username, password, catalog_id, modified_time, connectable, mounted_on, disk_total, disk_used, update_time, deleted, version) VALUES (314, '134.96.232.17', 'bk_isap_pubnpi2', null, null, 'isap', null, 37, '2019-09-09 03:45:03', 0, null, null, null, null, 0, 0);
INSERT INTO server_management.server_info (id, ip, name, type, detail, username, password, catalog_id, modified_time, connectable, mounted_on, disk_total, disk_used, update_time, deleted, version) VALUES (315, '134.96.246.115', 'bk_isapweb1', null, null, 'isap', null, 37, '2019-09-09 03:45:03', 0, null, null, null, null, 0, 0);
INSERT INTO server_management.server_info (id, ip, name, type, detail, username, password, catalog_id, modified_time, connectable, mounted_on, disk_total, disk_used, update_time, deleted, version) VALUES (316, '134.96.246.116', 'bk_isapweb2', null, null, 'isap', null, 37, '2019-09-09 03:45:03', 0, null, null, null, null, 0, 0);
INSERT INTO server_management.server_info (id, ip, name, type, detail, username, password, catalog_id, modified_time, connectable, mounted_on, disk_total, disk_used, update_time, deleted, version) VALUES (317, '134.96.177.21', 'isap_dass01', null, null, 'isap', null, 38, '2019-09-09 03:45:03', 0, null, null, null, null, 0, 0);
INSERT INTO server_management.server_info (id, ip, name, type, detail, username, password, catalog_id, modified_time, connectable, mounted_on, disk_total, disk_used, update_time, deleted, version) VALUES (318, '134.96.177.22', 'isap_dass02', null, null, 'isap', null, 38, '2019-09-09 03:45:03', 0, null, null, null, null, 0, 0);
INSERT INTO server_management.server_info (id, ip, name, type, detail, username, password, catalog_id, modified_time, connectable, mounted_on, disk_total, disk_used, update_time, deleted, version) VALUES (319, '134.96.177.15', 'isap_dcn_npi03', null, null, 'isap', null, 38, '2019-09-09 03:45:03', 0, null, null, null, null, 0, 0);
INSERT INTO server_management.server_info (id, ip, name, type, detail, username, password, catalog_id, modified_time, connectable, mounted_on, disk_total, disk_used, update_time, deleted, version) VALUES (320, '134.96.177.16', 'isap_dcn_npi04', null, null, 'isap', 'Qy5llnKwLtcPuIujBz2cTg==', 38, '2019-09-09 08:16:16', 1, '/isapapp', 170337152, 83188560, '2020-01-20 06:32:32', 0, 0);
INSERT INTO server_management.server_info (id, ip, name, type, detail, username, password, catalog_id, modified_time, connectable, mounted_on, disk_total, disk_used, update_time, deleted, version) VALUES (321, '134.96.177.17', 'isap_evt01', null, null, 'isap', 'Qy5llnKwLtcPuIujBz2cTg==', 38, '2019-09-17 12:49:22', 1, '/isapapp', 47873932, 5153452, '2020-01-20 06:32:23', 0, 0);
INSERT INTO server_management.server_info (id, ip, name, type, detail, username, password, catalog_id, modified_time, connectable, mounted_on, disk_total, disk_used, update_time, deleted, version) VALUES (322, '134.96.177.18', 'isap_evt02', null, null, 'isap', 'Qy5llnKwLtcPuIujBz2cTg==', 38, '2019-09-17 12:49:32', 0, null, null, null, null, 0, 0);
INSERT INTO server_management.server_info (id, ip, name, type, detail, username, password, catalog_id, modified_time, connectable, mounted_on, disk_total, disk_used, update_time, deleted, version) VALUES (323, '134.96.177.11', 'isap_nai01/GID', null, null, 'isap', 'Qy5llnKwLtcPuIujBz2cTg==', 38, '2019-09-29 01:31:20', 1, '/isapapp', 411332760, 219933424, '2020-01-20 06:32:26', 0, 0);
INSERT INTO server_management.server_info (id, ip, name, type, detail, username, password, catalog_id, modified_time, connectable, mounted_on, disk_total, disk_used, update_time, deleted, version) VALUES (324, '134.96.177.12', 'isap_nai02/GID', null, null, 'isap', 'Qy5llnKwLtcPuIujBz2cTg==', 38, '2019-09-29 01:32:44', 1, '/isapapp', 411332760, 203477836, '2020-01-20 06:32:29', 0, 0);
INSERT INTO server_management.server_info (id, ip, name, type, detail, username, password, catalog_id, modified_time, connectable, mounted_on, disk_total, disk_used, update_time, deleted, version) VALUES (325, '134.96.177.19', 'isap_odc01', null, null, 'isap', null, 38, '2019-09-09 03:45:03', 0, null, null, null, null, 0, 0);
INSERT INTO server_management.server_info (id, ip, name, type, detail, username, password, catalog_id, modified_time, connectable, mounted_on, disk_total, disk_used, update_time, deleted, version) VALUES (326, '134.96.177.20', 'isap_odc02', null, null, 'isap', null, 38, '2019-09-09 03:45:03', 0, null, null, null, null, 0, 0);
INSERT INTO server_management.server_info (id, ip, name, type, detail, username, password, catalog_id, modified_time, connectable, mounted_on, disk_total, disk_used, update_time, deleted, version) VALUES (327, '134.96.171.156', 'isap_pub_npi01', null, null, 'isap', 'Qy5llnKwLtcPuIujBz2cTg==', 38, '2019-11-05 03:29:22', 1, '/isapapp', 73342168, 42087068, '2020-01-20 06:32:34', 0, 0);
INSERT INTO server_management.server_info (id, ip, name, type, detail, username, password, catalog_id, modified_time, connectable, mounted_on, disk_total, disk_used, update_time, deleted, version) VALUES (328, '134.96.171.157', 'isap_pub_npi02', null, null, 'isap', null, 38, '2019-09-09 03:45:03', 0, null, null, null, null, 0, 0);
INSERT INTO server_management.server_info (id, ip, name, type, detail, username, password, catalog_id, modified_time, connectable, mounted_on, disk_total, disk_used, update_time, deleted, version) VALUES (329, '134.96.177.23', 'isap_redis01', null, null, 'isap', null, 38, '2019-09-09 03:45:03', 0, null, null, null, null, 0, 0);
INSERT INTO server_management.server_info (id, ip, name, type, detail, username, password, catalog_id, modified_time, connectable, mounted_on, disk_total, disk_used, update_time, deleted, version) VALUES (330, '134.96.168.17', 'isap_web1', null, null, 'isap', null, 38, '2019-09-09 03:45:03', 0, null, null, null, null, 0, 0);
INSERT INTO server_management.server_info (id, ip, name, type, detail, username, password, catalog_id, modified_time, connectable, mounted_on, disk_total, disk_used, update_time, deleted, version) VALUES (331, '134.96.168.18', 'isap_web2', null, null, 'isap', null, 38, '2019-09-09 03:45:03', 0, null, null, null, null, 0, 0);
INSERT INTO server_management.server_info (id, ip, name, type, detail, username, password, catalog_id, modified_time, connectable, mounted_on, disk_total, disk_used, update_time, deleted, version) VALUES (332, '134.96.177.53', 'ztesoftfilesystem1', null, null, 'filesystem', null, 38, '2019-09-09 03:45:03', 0, null, null, null, null, 0, 0);
INSERT INTO server_management.server_info (id, ip, name, type, detail, username, password, catalog_id, modified_time, connectable, mounted_on, disk_total, disk_used, update_time, deleted, version) VALUES (333, '134.96.235.134', 'oss_tfj_redis01', null, null, 'redis', null, 39, '2019-09-09 03:45:03', 0, null, null, null, null, 0, 0);
INSERT INTO server_management.server_info (id, ip, name, type, detail, username, password, catalog_id, modified_time, connectable, mounted_on, disk_total, disk_used, update_time, deleted, version) VALUES (334, '134.96.235.135', 'oss_tfj_redis02', null, null, 'redis', null, 39, '2019-09-09 03:45:03', 0, null, null, null, null, 0, 0);
INSERT INTO server_management.server_info (id, ip, name, type, detail, username, password, catalog_id, modified_time, connectable, mounted_on, disk_total, disk_used, update_time, deleted, version) VALUES (335, '134.96.217.105', 'TFIS_1', null, null, 'stop_c', null, 39, '2019-09-09 03:45:03', 0, null, null, null, null, 0, 0);
INSERT INTO server_management.server_info (id, ip, name, type, detail, username, password, catalog_id, modified_time, connectable, mounted_on, disk_total, disk_used, update_time, deleted, version) VALUES (336, '134.96.217.106', 'TFIS_2', null, null, 'stop_c', null, 39, '2019-09-09 03:45:03', 0, null, null, null, null, 0, 0);
INSERT INTO server_management.server_info (id, ip, name, type, detail, username, password, catalog_id, modified_time, connectable, mounted_on, disk_total, disk_used, update_time, deleted, version) VALUES (337, '134.96.217.107', 'TFIS_3', null, null, 'stop_c', null, 39, '2019-09-09 03:45:03', 0, null, null, null, null, 0, 0);
INSERT INTO server_management.server_info (id, ip, name, type, detail, username, password, catalog_id, modified_time, connectable, mounted_on, disk_total, disk_used, update_time, deleted, version) VALUES (338, '134.96.217.108', 'TFIS_4', null, null, 'stop_c', null, 39, '2019-09-09 03:45:03', 0, null, null, null, null, 0, 0);
INSERT INTO server_management.server_info (id, ip, name, type, detail, username, password, catalog_id, modified_time, connectable, mounted_on, disk_total, disk_used, update_time, deleted, version) VALUES (339, '134.96.217.117', 'TFJ_mysql1', null, null, 'mysql', null, 39, '2019-09-09 03:45:03', 0, null, null, null, null, 0, 0);
INSERT INTO server_management.server_info (id, ip, name, type, detail, username, password, catalog_id, modified_time, connectable, mounted_on, disk_total, disk_used, update_time, deleted, version) VALUES (340, '134.96.217.118', 'TFJ_mysql2', null, null, 'mysql', null, 39, '2019-09-09 03:45:03', 0, null, null, null, null, 0, 0);
INSERT INTO server_management.server_info (id, ip, name, type, detail, username, password, catalog_id, modified_time, connectable, mounted_on, disk_total, disk_used, update_time, deleted, version) VALUES (341, '134.96.217.119', 'TFJ_mysql3', null, null, 'mysql', null, 39, '2019-09-09 03:45:03', 0, null, null, null, null, 0, 0);
INSERT INTO server_management.server_info (id, ip, name, type, detail, username, password, catalog_id, modified_time, connectable, mounted_on, disk_total, disk_used, update_time, deleted, version) VALUES (342, '134.96.217.120', 'TFJ_mysql4', null, null, 'mysql', null, 39, '2019-09-09 03:45:03', 0, null, null, null, null, 0, 0);
INSERT INTO server_management.server_info (id, ip, name, type, detail, username, password, catalog_id, modified_time, connectable, mounted_on, disk_total, disk_used, update_time, deleted, version) VALUES (343, '134.96.217.121', 'TFJ_mysql_his01', null, null, 'mysql', null, 39, '2019-09-09 03:45:03', 0, null, null, null, null, 0, 0);
INSERT INTO server_management.server_info (id, ip, name, type, detail, username, password, catalog_id, modified_time, connectable, mounted_on, disk_total, disk_used, update_time, deleted, version) VALUES (344, '134.96.217.122', 'TFJ_mysql_his02', null, null, 'mysql', null, 39, '2019-09-09 03:45:03', 0, null, null, null, null, 0, 0);
INSERT INTO server_management.server_info (id, ip, name, type, detail, username, password, catalog_id, modified_time, connectable, mounted_on, disk_total, disk_used, update_time, deleted, version) VALUES (345, '134.96.217.109', 'STOP_C_NPI_1', null, null, 'stop_c', null, 40, '2019-09-09 03:45:03', 0, null, null, null, null, 0, 0);
INSERT INTO server_management.server_info (id, ip, name, type, detail, username, password, catalog_id, modified_time, connectable, mounted_on, disk_total, disk_used, update_time, deleted, version) VALUES (346, '134.96.217.110', 'STOP_C_NPI_2', null, null, 'stop_c', null, 40, '2019-09-09 03:45:03', 0, null, null, null, null, 0, 0);
INSERT INTO server_management.server_info (id, ip, name, type, detail, username, password, catalog_id, modified_time, connectable, mounted_on, disk_total, disk_used, update_time, deleted, version) VALUES (347, '134.96.217.111', 'STOP_C_NPI_3', null, null, 'stop_c', null, 40, '2019-09-09 03:45:03', 0, null, null, null, null, 0, 0);
INSERT INTO server_management.server_info (id, ip, name, type, detail, username, password, catalog_id, modified_time, connectable, mounted_on, disk_total, disk_used, update_time, deleted, version) VALUES (348, '134.96.217.112', 'STOP_C_NPI_4', null, null, 'stop_c', null, 40, '2019-09-09 03:45:03', 0, null, null, null, null, 0, 0);
INSERT INTO server_management.server_info (id, ip, name, type, detail, username, password, catalog_id, modified_time, connectable, mounted_on, disk_total, disk_used, update_time, deleted, version) VALUES (349, '134.96.217.113', 'STOP_C_NPI_5', null, null, 'stop_c', null, 40, '2019-09-09 03:45:03', 0, null, null, null, null, 0, 0);
INSERT INTO server_management.server_info (id, ip, name, type, detail, username, password, catalog_id, modified_time, connectable, mounted_on, disk_total, disk_used, update_time, deleted, version) VALUES (350, '134.96.217.114', 'STOP_C_NPI_6', null, null, 'stop_c', null, 40, '2019-09-09 03:45:03', 0, null, null, null, null, 0, 0);
INSERT INTO server_management.server_info (id, ip, name, type, detail, username, password, catalog_id, modified_time, connectable, mounted_on, disk_total, disk_used, update_time, deleted, version) VALUES (351, '134.96.217.115', 'STOP_C_NPI_7', null, null, 'stop_c', null, 40, '2019-09-09 03:45:03', 0, null, null, null, null, 0, 0);
INSERT INTO server_management.server_info (id, ip, name, type, detail, username, password, catalog_id, modified_time, connectable, mounted_on, disk_total, disk_used, update_time, deleted, version) VALUES (352, '134.96.217.116', 'STOP_C_NPI_8', null, null, 'stop_c', null, 40, '2019-09-09 03:45:03', 0, null, null, null, null, 0, 0);
INSERT INTO server_management.server_info (id, ip, name, type, detail, username, password, catalog_id, modified_time, connectable, mounted_on, disk_total, disk_used, update_time, deleted, version) VALUES (353, '134.96.188.45', '188.45_app1', null, null, 'ztegwtest', 'SqiaPzBvOeSEMn/kt5aXUA==', 41, '2020-01-20 08:03:53', 1, '/app', 97965552, 65420976, '2020-01-20 08:12:41', 0, 0);
INSERT INTO server_management.server_info (id, ip, name, type, detail, username, password, catalog_id, modified_time, connectable, mounted_on, disk_total, disk_used, update_time, deleted, version) VALUES (354, '134.96.188.46', '188.46_app2', null, null, 'ztegwtest', 'SqiaPzBvOeSEMn/kt5aXUA==', 41, '2020-01-20 08:04:00', 1, '/app', 97965552, 50025320, '2020-01-20 08:12:43', 0, 0);
INSERT INTO server_management.server_info (id, ip, name, type, detail, username, password, catalog_id, modified_time, connectable, mounted_on, disk_total, disk_used, update_time, deleted, version) VALUES (355, '134.96.188.47', '188.47_redis', null, null, 'ztegwtest', null, 41, '2019-09-09 03:45:03', 0, null, null, null, null, 0, 0);
INSERT INTO server_management.server_info (id, ip, name, type, detail, username, password, catalog_id, modified_time, connectable, mounted_on, disk_total, disk_used, update_time, deleted, version) VALUES (356, '134.96.188.48', '188.48_flow', null, null, 'ztegwtest', null, 41, '2019-09-09 03:45:03', 0, null, null, null, null, 0, 0);
INSERT INTO server_management.server_info (id, ip, name, type, detail, username, password, catalog_id, modified_time, connectable, mounted_on, disk_total, disk_used, update_time, deleted, version) VALUES (357, '134.96.188.49', '188.49_mysql', null, null, 'ztegwtest', null, 41, '2019-09-09 03:45:03', 0, null, null, null, null, 0, 0);
INSERT INTO server_management.server_info (id, ip, name, type, detail, username, password, catalog_id, modified_time, connectable, mounted_on, disk_total, disk_used, update_time, deleted, version) VALUES (358, '134.96.188.50', '188.50_solr', null, null, 'ztegwtest', null, 41, '2019-09-09 03:45:03', 0, null, null, null, null, 0, 0);
INSERT INTO server_management.server_info (id, ip, name, type, detail, username, password, catalog_id, modified_time, connectable, mounted_on, disk_total, disk_used, update_time, deleted, version) VALUES (359, '134.96.188.51', '188.51_rocketmq', null, null, 'ztegwtest', null, 41, '2019-09-09 03:45:03', 0, null, null, null, null, 0, 0);
INSERT INTO server_management.server_info (id, ip, name, type, detail, username, password, catalog_id, modified_time, connectable, mounted_on, disk_total, disk_used, update_time, deleted, version) VALUES (360, '134.96.188.52', '188.52_file', null, null, 'ztegwtest', null, 41, '2019-09-09 03:45:03', 0, null, null, null, null, 0, 0);
INSERT INTO server_management.server_info (id, ip, name, type, detail, username, password, catalog_id, modified_time, connectable, mounted_on, disk_total, disk_used, update_time, deleted, version) VALUES (361, '134.96.188.55', '188.55_redis', null, null, 'ztegwtest', 'SqiaPzBvOeSEMn/kt5aXUA==', 41, '2019-10-01 01:53:22', 1, '/app', 293904592, 11148100, '2020-01-20 08:12:45', 0, 0);
INSERT INTO server_management.server_info (id, ip, name, type, detail, username, password, catalog_id, modified_time, connectable, mounted_on, disk_total, disk_used, update_time, deleted, version) VALUES (362, '134.96.188.56', '188.56_mysql', null, null, 'ztegwtest', null, 41, '2019-09-09 03:45:03', 0, null, null, null, null, 0, 0);
INSERT INTO server_management.server_info (id, ip, name, type, detail, username, password, catalog_id, modified_time, connectable, mounted_on, disk_total, disk_used, update_time, deleted, version) VALUES (363, '134.96.102.44', '134.96.102.44', null, null, 'weblogic', null, 45, '2019-09-09 03:45:04', 0, null, null, null, null, 0, 0);
INSERT INTO server_management.server_info (id, ip, name, type, detail, username, password, catalog_id, modified_time, connectable, mounted_on, disk_total, disk_used, update_time, deleted, version) VALUES (364, '134.96.243.154', 'evt1', null, null, 'isap', 'djC+5STW1LutUdbkyDyDnA==', 42, '2019-09-17 12:56:23', 1, '/app', 48980812, 11419304, '2020-01-20 07:02:49', 0, 0);
INSERT INTO server_management.server_info (id, ip, name, type, detail, username, password, catalog_id, modified_time, connectable, mounted_on, disk_total, disk_used, update_time, deleted, version) VALUES (365, '134.96.243.155', 'evt2', null, null, 'isap', 'w2o9+W6EXs1rkOr9CbFS4g==', 42, '2019-09-17 13:04:25', 1, '/app', 48980812, 12516116, '2020-01-20 07:16:08', 0, 0);
INSERT INTO server_management.server_info (id, ip, name, type, detail, username, password, catalog_id, modified_time, connectable, mounted_on, disk_total, disk_used, update_time, deleted, version) VALUES (366, '134.96.243.156', 'evt3', null, null, 'isap', 'IbRAG3Z4DMJBTJvLDSMb/w==', 42, '2019-09-17 13:05:08', 1, '/app', 48980812, 17220500, '2020-01-20 07:03:02', 0, 0);
INSERT INTO server_management.server_info (id, ip, name, type, detail, username, password, catalog_id, modified_time, connectable, mounted_on, disk_total, disk_used, update_time, deleted, version) VALUES (367, '134.96.243.157', 'evt4', null, null, 'isap', 'ohpy3TI8ONodxdldfwcB9g==', 42, '2019-09-17 13:05:43', 1, '/app', 48980812, 4737256, '2020-01-20 07:03:04', 0, 0);
INSERT INTO server_management.server_info (id, ip, name, type, detail, username, password, catalog_id, modified_time, connectable, mounted_on, disk_total, disk_used, update_time, deleted, version) VALUES (368, '134.96.243.158', 'feedback1', null, null, 'isap', 'JVoNA2BceqvheGfgK+KWVA==', 42, '2019-10-22 09:51:02', 1, '/app', 48980812, 39736412, '2020-01-20 07:03:05', 0, 0);
INSERT INTO server_management.server_info (id, ip, name, type, detail, username, password, catalog_id, modified_time, connectable, mounted_on, disk_total, disk_used, update_time, deleted, version) VALUES (369, '134.96.243.159', 'feedback2', null, null, 'isap', 'QjFsjaU8cTkg4Rr/UA0vFg==', 42, '2019-10-24 08:57:12', 1, '/app', 48980812, 40674232, '2020-01-20 07:03:07', 0, 0);
INSERT INTO server_management.server_info (id, ip, name, type, detail, username, password, catalog_id, modified_time, connectable, mounted_on, disk_total, disk_used, update_time, deleted, version) VALUES (370, '134.96.243.160', 'filesys1', null, null, 'isap', null, 42, '2019-09-09 03:45:04', 0, null, null, null, null, 0, 0);
INSERT INTO server_management.server_info (id, ip, name, type, detail, username, password, catalog_id, modified_time, connectable, mounted_on, disk_total, disk_used, update_time, deleted, version) VALUES (371, '134.96.243.161', 'filesys2', null, null, 'isap', null, 42, '2019-09-09 03:45:04', 0, null, null, null, null, 0, 0);
INSERT INTO server_management.server_info (id, ip, name, type, detail, username, password, catalog_id, modified_time, connectable, mounted_on, disk_total, disk_used, update_time, deleted, version) VALUES (372, '134.96.243.162', 'log1', null, null, 'isap', null, 42, '2019-09-09 03:45:04', 0, null, null, null, null, 0, 0);
INSERT INTO server_management.server_info (id, ip, name, type, detail, username, password, catalog_id, modified_time, connectable, mounted_on, disk_total, disk_used, update_time, deleted, version) VALUES (373, '134.96.243.183', 'nai1', null, null, 'isap', 'LX6fVgDg2YiwsMlyLDmUFQ==', 42, '2019-09-27 09:50:18', 1, '/app', 342884252, 279003640, '2020-01-20 07:03:09', 0, 0);
INSERT INTO server_management.server_info (id, ip, name, type, detail, username, password, catalog_id, modified_time, connectable, mounted_on, disk_total, disk_used, update_time, deleted, version) VALUES (374, '134.96.243.184', 'nai2', null, null, 'isap', '9P2L3WNWSRwBZuOBYjmCTg==', 42, '2019-09-27 09:54:25', 1, '/app', 342888144, 275919828, '2020-01-20 07:03:12', 0, 0);
INSERT INTO server_management.server_info (id, ip, name, type, detail, username, password, catalog_id, modified_time, connectable, mounted_on, disk_total, disk_used, update_time, deleted, version) VALUES (375, '134.96.243.185', 'nai3', null, null, 'isap', 'KyOTVscmNDjU2S8ZTJpLkA==', 42, '2019-09-27 09:58:17', 1, '/app', 342888144, 262271380, '2020-01-20 07:03:14', 0, 0);
INSERT INTO server_management.server_info (id, ip, name, type, detail, username, password, catalog_id, modified_time, connectable, mounted_on, disk_total, disk_used, update_time, deleted, version) VALUES (376, '134.96.243.186', 'nai4', null, null, 'isap', 'LtzjG+O7M02ewMUduwDqQA==', 42, '2019-09-27 10:00:26', 1, '/app', 342888144, 264149376, '2020-01-20 07:03:17', 0, 0);
INSERT INTO server_management.server_info (id, ip, name, type, detail, username, password, catalog_id, modified_time, connectable, mounted_on, disk_total, disk_used, update_time, deleted, version) VALUES (377, '134.96.243.195', 'odc1', null, null, 'isap', 'W9Dmj3EGoRTNf9l8WXAX+g==', 42, '2019-09-27 10:01:34', 1, '/app', 48980812, 10078396, '2020-01-20 07:03:19', 0, 0);
INSERT INTO server_management.server_info (id, ip, name, type, detail, username, password, catalog_id, modified_time, connectable, mounted_on, disk_total, disk_used, update_time, deleted, version) VALUES (378, '134.96.243.196', 'odc2', null, null, 'isap', 'RARjWUkZSq0nlES2YAuHHg==', 42, '2019-09-27 10:02:30', 1, '/app', 48980812, 6044992, '2020-01-20 07:03:22', 0, 0);
INSERT INTO server_management.server_info (id, ip, name, type, detail, username, password, catalog_id, modified_time, connectable, mounted_on, disk_total, disk_used, update_time, deleted, version) VALUES (379, '134.96.243.197', 'odc3', null, null, 'isap', 'adwB5/FOgR/MZbLvqf8Bfw==', 42, '2019-09-27 10:03:27', 1, '/app', 48980812, 5950368, '2020-01-20 07:03:24', 0, 0);
INSERT INTO server_management.server_info (id, ip, name, type, detail, username, password, catalog_id, modified_time, connectable, mounted_on, disk_total, disk_used, update_time, deleted, version) VALUES (380, '134.96.243.198', 'odc4', null, null, 'isap', '8uXPERw8Bg0jg75+l6YEuQ==', 42, '2019-09-27 10:04:49', 1, '/app', 48980812, 18685460, '2020-01-20 07:03:26', 0, 0);
INSERT INTO server_management.server_info (id, ip, name, type, detail, username, password, catalog_id, modified_time, connectable, mounted_on, disk_total, disk_used, update_time, deleted, version) VALUES (381, '134.96.243.199', 'trans1', null, null, 'isap', null, 42, '2019-09-09 03:45:04', 0, null, null, null, null, 0, 0);
INSERT INTO server_management.server_info (id, ip, name, type, detail, username, password, catalog_id, modified_time, connectable, mounted_on, disk_total, disk_used, update_time, deleted, version) VALUES (382, '134.96.243.200', 'zdass1', null, null, 'isap', null, 42, '2019-09-09 03:45:04', 0, null, null, null, null, 0, 0);
INSERT INTO server_management.server_info (id, ip, name, type, detail, username, password, catalog_id, modified_time, connectable, mounted_on, disk_total, disk_used, update_time, deleted, version) VALUES (383, '134.96.243.201', 'zdass2', null, null, 'isap', null, 42, '2019-09-09 03:45:04', 0, null, null, null, null, 0, 0);
INSERT INTO server_management.server_info (id, ip, name, type, detail, username, password, catalog_id, modified_time, connectable, mounted_on, disk_total, disk_used, update_time, deleted, version) VALUES (384, '134.96.243.202', 'zdass3', null, null, 'isap', null, 42, '2019-09-09 03:45:04', 0, null, null, null, null, 0, 0);
INSERT INTO server_management.server_info (id, ip, name, type, detail, username, password, catalog_id, modified_time, connectable, mounted_on, disk_total, disk_used, update_time, deleted, version) VALUES (385, '134.96.243.203', 'zdass4', null, null, 'isap', null, 42, '2019-09-09 03:45:04', 0, null, null, null, null, 0, 0);
INSERT INTO server_management.server_info (id, ip, name, type, detail, username, password, catalog_id, modified_time, connectable, mounted_on, disk_total, disk_used, update_time, deleted, version) VALUES (386, '134.96.247.94', 'redis1', null, null, 'redis', null, 42, '2019-09-09 03:45:04', 0, null, null, null, null, 0, 0);
INSERT INTO server_management.server_info (id, ip, name, type, detail, username, password, catalog_id, modified_time, connectable, mounted_on, disk_total, disk_used, update_time, deleted, version) VALUES (387, '134.96.247.95', 'redis2', null, null, 'redis', null, 42, '2019-09-09 03:45:04', 0, null, null, null, null, 0, 0);
INSERT INTO server_management.server_info (id, ip, name, type, detail, username, password, catalog_id, modified_time, connectable, mounted_on, disk_total, disk_used, update_time, deleted, version) VALUES (388, '134.96.243.163', 'mysql1', null, null, 'mysql', null, 43, '2019-09-09 03:45:04', 0, null, null, null, null, 0, 0);
INSERT INTO server_management.server_info (id, ip, name, type, detail, username, password, catalog_id, modified_time, connectable, mounted_on, disk_total, disk_used, update_time, deleted, version) VALUES (389, '134.96.243.164', 'mysql2', null, null, 'mysql', null, 43, '2019-09-09 03:45:04', 0, null, null, null, null, 0, 0);
INSERT INTO server_management.server_info (id, ip, name, type, detail, username, password, catalog_id, modified_time, connectable, mounted_on, disk_total, disk_used, update_time, deleted, version) VALUES (390, '134.96.243.165', 'mysql3', null, null, 'mysql', null, 43, '2019-09-09 03:45:04', 0, null, null, null, null, 0, 0);
INSERT INTO server_management.server_info (id, ip, name, type, detail, username, password, catalog_id, modified_time, connectable, mounted_on, disk_total, disk_used, update_time, deleted, version) VALUES (391, '134.96.243.166', 'mysql4', null, null, 'mysql', null, 43, '2019-09-09 03:45:04', 0, null, null, null, null, 0, 0);
INSERT INTO server_management.server_info (id, ip, name, type, detail, username, password, catalog_id, modified_time, connectable, mounted_on, disk_total, disk_used, update_time, deleted, version) VALUES (392, '134.96.243.167', 'mysql5', null, null, 'mysql', null, 43, '2019-09-09 03:45:04', 0, null, null, null, null, 0, 0);
INSERT INTO server_management.server_info (id, ip, name, type, detail, username, password, catalog_id, modified_time, connectable, mounted_on, disk_total, disk_used, update_time, deleted, version) VALUES (393, '134.96.243.168', 'mysql6', null, null, 'mysql', null, 43, '2019-09-09 03:45:04', 0, null, null, null, null, 0, 0);
INSERT INTO server_management.server_info (id, ip, name, type, detail, username, password, catalog_id, modified_time, connectable, mounted_on, disk_total, disk_used, update_time, deleted, version) VALUES (394, '134.96.243.169', 'mysql7', null, null, 'mysql', null, 43, '2019-09-09 03:45:04', 0, null, null, null, null, 0, 0);
INSERT INTO server_management.server_info (id, ip, name, type, detail, username, password, catalog_id, modified_time, connectable, mounted_on, disk_total, disk_used, update_time, deleted, version) VALUES (395, '134.96.243.170', 'mysql8', null, null, 'mysql', null, 43, '2019-09-09 03:45:04', 0, null, null, null, null, 0, 0);
INSERT INTO server_management.server_info (id, ip, name, type, detail, username, password, catalog_id, modified_time, connectable, mounted_on, disk_total, disk_used, update_time, deleted, version) VALUES (396, '134.96.243.171', 'mysql9', null, null, 'mysql', null, 43, '2019-09-09 03:45:04', 0, null, null, null, null, 0, 0);
INSERT INTO server_management.server_info (id, ip, name, type, detail, username, password, catalog_id, modified_time, connectable, mounted_on, disk_total, disk_used, update_time, deleted, version) VALUES (397, '134.96.243.172', 'mysql10', null, null, 'mysql', null, 43, '2019-09-09 03:45:04', 0, null, null, null, null, 0, 0);
INSERT INTO server_management.server_info (id, ip, name, type, detail, username, password, catalog_id, modified_time, connectable, mounted_on, disk_total, disk_used, update_time, deleted, version) VALUES (398, '134.96.243.173', 'mysql11', null, null, 'mysql', null, 43, '2019-09-09 03:45:04', 0, null, null, null, null, 0, 0);
INSERT INTO server_management.server_info (id, ip, name, type, detail, username, password, catalog_id, modified_time, connectable, mounted_on, disk_total, disk_used, update_time, deleted, version) VALUES (399, '134.96.243.174', 'mysql12', null, null, 'mysql', null, 43, '2019-09-09 03:45:04', 0, null, null, null, null, 0, 0);
INSERT INTO server_management.server_info (id, ip, name, type, detail, username, password, catalog_id, modified_time, connectable, mounted_on, disk_total, disk_used, update_time, deleted, version) VALUES (400, '134.96.243.175', 'mysql13', null, null, 'mysql', null, 43, '2019-09-09 03:45:04', 0, null, null, null, null, 0, 0);
INSERT INTO server_management.server_info (id, ip, name, type, detail, username, password, catalog_id, modified_time, connectable, mounted_on, disk_total, disk_used, update_time, deleted, version) VALUES (401, '134.96.243.176', 'mysql14', null, null, 'mysql', null, 43, '2019-09-09 03:45:04', 0, null, null, null, null, 0, 0);
INSERT INTO server_management.server_info (id, ip, name, type, detail, username, password, catalog_id, modified_time, connectable, mounted_on, disk_total, disk_used, update_time, deleted, version) VALUES (402, '134.96.243.177', 'mysql15', null, null, 'mysql', null, 43, '2019-09-09 03:45:04', 0, null, null, null, null, 0, 0);
INSERT INTO server_management.server_info (id, ip, name, type, detail, username, password, catalog_id, modified_time, connectable, mounted_on, disk_total, disk_used, update_time, deleted, version) VALUES (403, '134.96.243.178', 'mysql16', null, null, 'mysql', null, 43, '2019-09-09 03:45:04', 0, null, null, null, null, 0, 0);
INSERT INTO server_management.server_info (id, ip, name, type, detail, username, password, catalog_id, modified_time, connectable, mounted_on, disk_total, disk_used, update_time, deleted, version) VALUES (404, '134.96.243.179', 'mysql17', null, null, 'mysql', null, 43, '2019-09-09 03:45:04', 0, null, null, null, null, 0, 0);
INSERT INTO server_management.server_info (id, ip, name, type, detail, username, password, catalog_id, modified_time, connectable, mounted_on, disk_total, disk_used, update_time, deleted, version) VALUES (405, '134.96.243.180', 'mysql18', null, null, 'mysql', null, 43, '2019-09-09 03:45:04', 0, null, null, null, null, 0, 0);
INSERT INTO server_management.server_info (id, ip, name, type, detail, username, password, catalog_id, modified_time, connectable, mounted_on, disk_total, disk_used, update_time, deleted, version) VALUES (406, '134.96.243.181', 'mysql19', null, null, 'mysql', null, 43, '2019-09-09 03:45:04', 0, null, null, null, null, 0, 0);
INSERT INTO server_management.server_info (id, ip, name, type, detail, username, password, catalog_id, modified_time, connectable, mounted_on, disk_total, disk_used, update_time, deleted, version) VALUES (407, '134.96.243.182', 'mysql20', null, null, 'mysql', null, 43, '2019-09-09 03:45:04', 0, null, null, null, null, 0, 0);
INSERT INTO server_management.server_info (id, ip, name, type, detail, username, password, catalog_id, modified_time, connectable, mounted_on, disk_total, disk_used, update_time, deleted, version) VALUES (408, '10.160.42.36', '10.160.42.36', null, null, 'root', null, 44, '2019-09-09 03:45:04', 0, null, null, null, null, 0, 0);
INSERT INTO server_management.server_info (id, ip, name, type, detail, username, password, catalog_id, modified_time, connectable, mounted_on, disk_total, disk_used, update_time, deleted, version) VALUES (409, '10.160.42.37', '10.160.42.37', null, null, 'root', null, 44, '2019-09-09 03:45:04', 0, null, null, null, null, 0, 0);
INSERT INTO server_management.server_info (id, ip, name, type, detail, username, password, catalog_id, modified_time, connectable, mounted_on, disk_total, disk_used, update_time, deleted, version) VALUES (410, '10.160.42.38', '10.160.42.38', null, null, 'root', null, 44, '2019-09-09 03:45:04', 0, null, null, null, null, 0, 0);
INSERT INTO server_management.server_info (id, ip, name, type, detail, username, password, catalog_id, modified_time, connectable, mounted_on, disk_total, disk_used, update_time, deleted, version) VALUES (411, '10.160.42.39', '10.160.42.39', null, null, 'root', null, 44, '2019-09-09 03:45:04', 0, null, null, null, null, 0, 0);
INSERT INTO server_management.server_info (id, ip, name, type, detail, username, password, catalog_id, modified_time, connectable, mounted_on, disk_total, disk_used, update_time, deleted, version) VALUES (412, '10.160.42.40', '10.160.42.40', null, null, 'root', null, 44, '2019-09-09 03:45:04', 0, null, null, null, null, 0, 0);
INSERT INTO server_management.server_info (id, ip, name, type, detail, username, password, catalog_id, modified_time, connectable, mounted_on, disk_total, disk_used, update_time, deleted, version) VALUES (413, '10.160.42.41', '10.160.42.41', null, null, 'root', null, 44, '2019-09-09 03:45:04', 0, null, null, null, null, 0, 0);
INSERT INTO server_management.server_info (id, ip, name, type, detail, username, password, catalog_id, modified_time, connectable, mounted_on, disk_total, disk_used, update_time, deleted, version) VALUES (414, '10.160.42.42', '10.160.42.42', null, null, 'root', null, 44, '2019-09-09 03:45:04', 0, null, null, null, null, 0, 0);
INSERT INTO server_management.server_info (id, ip, name, type, detail, username, password, catalog_id, modified_time, connectable, mounted_on, disk_total, disk_used, update_time, deleted, version) VALUES (415, '10.160.42.43', '10.160.42.43', null, null, 'root', null, 44, '2019-09-09 03:45:04', 0, null, null, null, null, 0, 0);
INSERT INTO server_management.server_info (id, ip, name, type, detail, username, password, catalog_id, modified_time, connectable, mounted_on, disk_total, disk_used, update_time, deleted, version) VALUES (416, '134.96.100.101', '134.96.100.101', null, null, 'zxzx', null, 45, '2019-09-09 03:45:04', 0, null, null, null, null, 0, 0);
INSERT INTO server_management.server_info (id, ip, name, type, detail, username, password, catalog_id, modified_time, connectable, mounted_on, disk_total, disk_used, update_time, deleted, version) VALUES (417, '134.96.100.102', '134.96.100.102', null, null, 'zxzx', null, 45, '2019-09-09 03:45:04', 0, null, null, null, null, 0, 0);
INSERT INTO server_management.server_info (id, ip, name, type, detail, username, password, catalog_id, modified_time, connectable, mounted_on, disk_total, disk_used, update_time, deleted, version) VALUES (418, '134.96.102.41', '134.96.102.41', null, null, 'weblogic', 'wSZYsbMT+5FPr29DpPbNkQ==', 45, '2019-11-07 03:40:44', 0, null, null, null, null, 0, 0);
INSERT INTO server_management.server_info (id, ip, name, type, detail, username, password, catalog_id, modified_time, connectable, mounted_on, disk_total, disk_used, update_time, deleted, version) VALUES (419, '134.96.102.42', '134.96.102.42', null, null, 'weblogic', null, 45, '2019-09-09 03:45:04', 0, null, null, null, null, 0, 0);
INSERT INTO server_management.server_info (id, ip, name, type, detail, username, password, catalog_id, modified_time, connectable, mounted_on, disk_total, disk_used, update_time, deleted, version) VALUES (420, '134.96.102.43', '134.96.102.43', null, null, 'weblogic', null, 45, '2019-09-09 03:45:04', 0, null, null, null, null, 0, 0);
INSERT INTO server_management.server_info (id, ip, name, type, detail, username, password, catalog_id, modified_time, connectable, mounted_on, disk_total, disk_used, update_time, deleted, version) VALUES (421, '134.96.97.72', '134.96.97.72', null, null, 'weblogic', null, 45, '2019-09-09 03:45:04', 0, null, null, null, null, 0, 0);
INSERT INTO server_management.server_info (id, ip, name, type, detail, username, password, catalog_id, modified_time, connectable, mounted_on, disk_total, disk_used, update_time, deleted, version) VALUES (422, '134.96.97.73', '134.96.97.73', null, null, 'weblogic', null, 45, '2019-09-09 03:45:04', 0, null, null, null, null, 0, 0);
INSERT INTO server_management.server_info (id, ip, name, type, detail, username, password, catalog_id, modified_time, connectable, mounted_on, disk_total, disk_used, update_time, deleted, version) VALUES (423, '134.96.97.74', '134.96.97.74', null, null, 'weblogic', null, 45, '2019-09-09 03:45:04', 0, null, null, null, null, 0, 0);
INSERT INTO server_management.server_info (id, ip, name, type, detail, username, password, catalog_id, modified_time, connectable, mounted_on, disk_total, disk_used, update_time, deleted, version) VALUES (424, '134.96.97.75', '134.96.97.75', null, null, 'weblogic', null, 45, '2019-09-09 03:45:04', 0, null, null, null, null, 0, 0);
INSERT INTO server_management.server_info (id, ip, name, type, detail, username, password, catalog_id, modified_time, connectable, mounted_on, disk_total, disk_used, update_time, deleted, version) VALUES (425, '134.96.97.91', '134.96.97.91', null, null, 'weblogic', null, 45, '2019-09-09 03:45:04', 0, null, null, null, null, 0, 0);
INSERT INTO server_management.server_info (id, ip, name, type, detail, username, password, catalog_id, modified_time, connectable, mounted_on, disk_total, disk_used, update_time, deleted, version) VALUES (426, '134.96.97.92', '134.96.97.92', null, null, 'weblogic', null, 45, '2019-09-09 03:45:04', 0, null, null, null, null, 0, 0);
INSERT INTO server_management.server_info (id, ip, name, type, detail, username, password, catalog_id, modified_time, connectable, mounted_on, disk_total, disk_used, update_time, deleted, version) VALUES (427, '134.96.97.95', '134.96.97.95', null, null, 'weblogic', null, 45, '2019-09-09 03:45:04', 0, null, null, null, null, 0, 0);
INSERT INTO server_management.server_info (id, ip, name, type, detail, username, password, catalog_id, modified_time, connectable, mounted_on, disk_total, disk_used, update_time, deleted, version) VALUES (428, '134.96.97.96', '134.96.97.96', null, null, 'weblogic', null, 45, '2019-09-09 03:45:04', 0, null, null, null, null, 0, 0);
INSERT INTO server_management.server_info (id, ip, name, type, detail, username, password, catalog_id, modified_time, connectable, mounted_on, disk_total, disk_used, update_time, deleted, version) VALUES (429, '134.97.9.106', '134.97.9.106', null, null, 'zxzx', null, 45, '2019-09-09 03:45:04', 0, null, null, null, null, 0, 0);
INSERT INTO server_management.server_info (id, ip, name, type, detail, username, password, catalog_id, modified_time, connectable, mounted_on, disk_total, disk_used, update_time, deleted, version) VALUES (430, '134.98.3.99', '134.98.3.99', null, null, 'isap', null, 45, '2019-09-09 03:45:04', 0, null, null, null, null, 0, 0);
INSERT INTO server_management.server_info (id, ip, name, type, detail, username, password, catalog_id, modified_time, connectable, mounted_on, disk_total, disk_used, update_time, deleted, version) VALUES (443, '134.96.177.87', null, null, null, null, null, null, null, 0, null, null, null, null, 0, 0);
INSERT INTO server_management.server_info (id, ip, name, type, detail, username, password, catalog_id, modified_time, connectable, mounted_on, disk_total, disk_used, update_time, deleted, version) VALUES (444, '134.96.168.230', null, null, null, null, null, null, null, 0, null, null, null, null, 0, 0);
INSERT INTO server_management.server_info (id, ip, name, type, detail, username, password, catalog_id, modified_time, connectable, mounted_on, disk_total, disk_used, update_time, deleted, version) VALUES (445, '134.96.168.235', null, null, null, null, null, null, null, 0, null, null, null, null, 0, 0);
INSERT INTO server_management.server_info (id, ip, name, type, detail, username, password, catalog_id, modified_time, connectable, mounted_on, disk_total, disk_used, update_time, deleted, version) VALUES (446, '134.96.168.231', null, null, null, null, null, null, null, 0, null, null, null, null, 0, 0);
INSERT INTO server_management.server_info (id, ip, name, type, detail, username, password, catalog_id, modified_time, connectable, mounted_on, disk_total, disk_used, update_time, deleted, version) VALUES (447, '134.96.218.89', '投诉诊断redis', null, '', 'isap', '6xcAMBrvo+1WBkolM0tGF9CHfUn994jGFiC4NKgYQwE=', 13, '2019-11-08 07:25:28', 0, null, 1436736, 929128, '2020-01-19 19:16:09', 0, 0);
INSERT INTO server_management.server_info (id, ip, name, type, detail, username, password, catalog_id, modified_time, connectable, mounted_on, disk_total, disk_used, update_time, deleted, version) VALUES (448, '134.96.218.90', '投诉诊断redis2', null, '', 'isap', 'XgKwDNM3A5BqVJcP8x1niw==', 13, '2019-10-18 01:43:20', 0, null, null, null, null, 0, 0);
INSERT INTO server_management.server_info (id, ip, name, type, detail, username, password, catalog_id, modified_time, connectable, mounted_on, disk_total, disk_used, update_time, deleted, version) VALUES (455, '134.96.218.164', 'isap_lte_01', null, '', 'weblogic', '+mmU08oyul+KHIgco/OE5Q==', 0, '2020-01-17 00:22:59', 0, null, 201380, 166276, '2020-01-19 19:16:12', 0, 0);
INSERT INTO server_management.user (id, avatar_id, email, password, username, dept_id, phone, job_id, create_time, last_password_reset_time, nick_name, sex, deleted, locked, enabled, version) VALUES (1, null, 'zhengjie@tom.com', '$2a$10$fP.426qKaTmix50Oln8L.uav55gELhAd0Eg66Av4oG86u8km7D/Ky', 'admin', 2, '18888888888', 11, '2018-08-23 09:11:56', '2019-05-18 17:34:21', '管理员', '男', 0, 0, 1, 0);
INSERT INTO server_management.user (id, avatar_id, email, password, username, dept_id, phone, job_id, create_time, last_password_reset_time, nick_name, sex, deleted, locked, enabled, version) VALUES (3, null, 'test@eladmin.net', '$2a$10$HhxyGZy.ulf3RvAwaHUGb.k.2i9PBpv4YbLMJWp8pES7pPhTyRCF.', 'test', 2, '17777777777', 12, '2018-12-27 20:05:26', '2019-04-01 09:15:24', '测试', '男', 0, 0, 1, 0);
INSERT INTO server_management.user (id, avatar_id, email, password, username, dept_id, phone, job_id, create_time, last_password_reset_time, nick_name, sex, deleted, locked, enabled, version) VALUES (4, null, '123456', null, '345uu', null, null, null, '2020-02-17 06:44:51', null, null, null, 0, 1, 1, 0);
INSERT INTO server_management.user (id, avatar_id, email, password, username, dept_id, phone, job_id, create_time, last_password_reset_time, nick_name, sex, deleted, locked, enabled, version) VALUES (5, null, '', null, '甲', null, null, null, '2020-02-20 07:37:56', null, null, null, 0, 1, 1, 0);
INSERT INTO server_management.user_setting (id, user_id, role_id, page_size, deleted, version) VALUES (1, 1, 1, 8, 0, 0);
INSERT INTO server_management.users_roles (user_id, role_id, deleted) VALUES (1, 1, 0);
INSERT INTO server_management.users_roles (user_id, role_id, deleted) VALUES (3, 2, 0);
INSERT INTO server_management.users_roles (user_id, role_id, deleted) VALUES (5, 2, 1);
INSERT INTO server_management.users_roles (user_id, role_id, deleted) VALUES (5, 6, 1);
